sensor_id;sensor_type;location;lat;lon;timestamp;pressure;altitude;pressure_sealevel;temperature;humidity
30105;BME280;16920;57.07200000;-2.79700000;2019-10-06T00:00:09;99629.63;;;9.12;93.50
30105;BME280;16920;57.07200000;-2.79700000;2019-10-06T00:02:40;99623.05;;;9.08;93.70
30105;BME280;16920;57.07200000;-2.79700000;2019-10-06T00:05:09;99621.44;;;9.12;93.74
30105;BME280;16920;57.07200000;-2.79700000;2019-10-06T00:07:37;99622.25;;;9.20;93.44
30105;BME280;16920;57.07200000;-2.79700000;2019-10-06T00:10:07;99627.45;;;9.24;93.03
30105;BME280;16920;57.07200000;-2.79700000;2019-10-06T00:12:36;99625.58;;;9.35;92.65
30105;BME280;16920;57.07200000;-2.79700000;2019-10-06T00:15:05;99620.11;;;9.32;92.27
30105;BME280;16920;57.07200000;-2.79700000;2019-10-06T00:17:34;99629.13;;;9.30;92.29
30105;BME280;16920;57.07200000;-2.79700000;2019-10-06T00:20:03;99624.77;;;9.34;91.95
30105;BME280;16920;57.07200000;-2.79700000;2019-10-06T00:22:32;99622.85;;;9.35;91.34
30105;BME280;16920;57.07200000;-2.79700000;2019-10-06T00:25:01;99623.12;;;9.33;90.88
30105;BME280;16920;57.07200000;-2.79700000;2019-10-06T00:27:30;99625.86;;;9.33;90.94
30105;BME280;16920;57.07200000;-2.79700000;2019-10-06T00:29:58;99618.20;;;9.30;90.60
30105;BME280;16920;57.07200000;-2.79700000;2019-10-06T00:32:27;99622.82;;;9.22;91.04
30105;BME280;16920;57.07200000;-2.79700000;2019-10-06T00:34:56;99613.26;;;9.22;90.73
30105;BME280;16920;57.07200000;-2.79700000;2019-10-06T00:37:24;99615.44;;;9.23;90.69
30105;BME280;16920;57.07200000;-2.79700000;2019-10-06T00:39:53;99609.96;;;9.15;90.80
30105;BME280;16920;57.07200000;-2.79700000;2019-10-06T00:42:21;99612.13;;;9.13;91.06
30105;BME280;16920;57.07200000;-2.79700000;2019-10-06T00:44:51;99598.76;;;9.09;91.06
30105;BME280;16920;57.07200000;-2.79700000;2019-10-06T00:56:02;99603.64;;;9.04;91.70
30105;BME280;16920;57.07200000;-2.79700000;2019-10-06T01:01:25;99597.64;;;9.10;91.54
30105;BME280;16920;57.07200000;-2.79700000;2019-10-06T01:04:14;99607.77;;;9.17;91.44
30105;BME280;16920;57.07200000;-2.79700000;2019-10-06T01:09:15;99588.39;;;9.16;91.38
30105;BME280;16920;57.07200000;-2.79700000;2019-10-06T01:11:44;99589.73;;;9.11;91.67
30105;BME280;16920;57.07200000;-2.79700000;2019-10-06T01:14:13;99586.45;;;9.11;91.67
30105;BME280;16920;57.07200000;-2.79700000;2019-10-06T01:16:41;99587.29;;;9.12;91.77
30105;BME280;16920;57.07200000;-2.79700000;2019-10-06T01:19:10;99580.44;;;9.07;92.05
30105;BME280;16920;57.07200000;-2.79700000;2019-10-06T01:21:38;99570.84;;;9.02;92.32
30105;BME280;16920;57.07200000;-2.79700000;2019-10-06T01:24:07;99573.87;;;9.05;92.33
30105;BME280;16920;57.07200000;-2.79700000;2019-10-06T01:26:35;99576.89;;;9.06;92.48
30105;BME280;16920;57.07200000;-2.79700000;2019-10-06T01:29:04;99564.84;;;8.99;92.69
30105;BME280;16920;57.07200000;-2.79700000;2019-10-06T01:31:32;99566.78;;;9.07;92.20
30105;BME280;16920;57.07200000;-2.79700000;2019-10-06T01:34:01;99575.23;;;9.03;92.29
30105;BME280;16920;57.07200000;-2.79700000;2019-10-06T01:36:29;99568.97;;;9.05;92.24
30105;BME280;16920;57.07200000;-2.79700000;2019-10-06T01:38:58;99567.86;;;9.06;91.91
30105;BME280;16920;57.07200000;-2.79700000;2019-10-06T01:41:26;99571.95;;;9.06;91.71
30105;BME280;16920;57.07200000;-2.79700000;2019-10-06T01:43:55;99563.50;;;9.02;91.96
30105;BME280;16920;57.07200000;-2.79700000;2019-10-06T01:46:23;99558.02;;;8.99;92.05
30105;BME280;16920;57.07200000;-2.79700000;2019-10-06T01:48:52;99563.22;;;9.04;90.95
30105;BME280;16920;57.07200000;-2.79700000;2019-10-06T01:51:20;99556.95;;;9.03;90.69
30105;BME280;16920;57.07200000;-2.79700000;2019-10-06T01:53:49;99551.19;;;8.97;91.14
30105;BME280;16920;57.07200000;-2.79700000;2019-10-06T01:56:17;99554.19;;;8.95;91.32
30105;BME280;16920;57.07200000;-2.79700000;2019-10-06T01:58:46;99558.30;;;8.98;91.49
30105;BME280;16920;57.07200000;-2.79700000;2019-10-06T02:01:14;99559.11;;;8.98;91.80
30105;BME280;16920;57.07200000;-2.79700000;2019-10-06T02:03:56;99561.88;;;9.06;91.87
30105;BME280;16920;57.07200000;-2.79700000;2019-10-06T02:06:24;99557.22;;;9.07;91.81
30105;BME280;16920;57.07200000;-2.79700000;2019-10-06T02:08:53;99556.41;;;9.06;91.80
30105;BME280;16920;57.07200000;-2.79700000;2019-10-06T02:11:21;99550.91;;;8.98;91.93
30105;BME280;16920;57.07200000;-2.79700000;2019-10-06T02:13:49;99544.91;;;8.96;92.09
30105;BME280;16920;57.07200000;-2.79700000;2019-10-06T02:16:18;99534.78;;;8.94;92.13
30105;BME280;16920;57.07200000;-2.79700000;2019-10-06T02:18:47;99549.56;;;9.01;91.71
30105;BME280;16920;57.07200000;-2.79700000;2019-10-06T02:21:15;99546.55;;;9.00;91.73
30105;BME280;16920;57.07200000;-2.79700000;2019-10-06T02:23:44;99548.19;;;8.93;91.65
30105;BME280;16920;57.07200000;-2.79700000;2019-10-06T02:26:12;99552.56;;;8.99;90.36
30105;BME280;16920;57.07200000;-2.79700000;2019-10-06T02:28:40;99548.72;;;8.95;90.99
30105;BME280;16920;57.07200000;-2.79700000;2019-10-06T02:31:09;99542.73;;;8.96;90.71
30105;BME280;16920;57.07200000;-2.79700000;2019-10-06T02:33:37;99547.08;;;8.89;91.18
30105;BME280;16920;57.07200000;-2.79700000;2019-10-06T02:36:06;99550.08;;;8.88;91.25
30105;BME280;16920;57.07200000;-2.79700000;2019-10-06T02:38:34;99547.62;;;8.86;91.01
30105;BME280;16920;57.07200000;-2.79700000;2019-10-06T02:41:03;99544.63;;;8.90;90.96
30105;BME280;16920;57.07200000;-2.79700000;2019-10-06T02:43:31;99553.06;;;8.89;91.15
30105;BME280;16920;57.07200000;-2.79700000;2019-10-06T02:46:01;99551.17;;;8.89;90.52
30105;BME280;16920;57.07200000;-2.79700000;2019-10-06T02:48:30;99553.35;;;8.90;89.45
30105;BME280;16920;57.07200000;-2.79700000;2019-10-06T02:51:00;99539.42;;;8.91;88.69
30105;BME280;16920;57.07200000;-2.79700000;2019-10-06T02:53:29;99550.89;;;8.88;89.34
30105;BME280;16920;57.07200000;-2.79700000;2019-10-06T02:55:58;99544.07;;;8.83;89.08
30105;BME280;16920;57.07200000;-2.79700000;2019-10-06T02:58:28;99542.96;;;8.79;88.93
30105;BME280;16920;57.07200000;-2.79700000;2019-10-06T03:00:56;99540.48;;;8.80;87.81
30105;BME280;16920;57.07200000;-2.79700000;2019-10-06T03:03:25;99547.85;;;8.77;88.45
30105;BME280;16920;57.07200000;-2.79700000;2019-10-06T03:05:53;99553.01;;;8.68;88.25
30105;BME280;16920;57.07200000;-2.79700000;2019-10-06T03:08:22;99538.83;;;8.66;88.50
30105;BME280;16920;57.07200000;-2.79700000;2019-10-06T03:10:50;99543.45;;;8.68;88.28
30105;BME280;16920;57.07200000;-2.79700000;2019-10-06T03:13:19;99545.64;;;8.71;88.48
30105;BME280;16920;57.07200000;-2.79700000;2019-10-06T03:15:47;99535.81;;;8.65;88.88
30105;BME280;16920;57.07200000;-2.79700000;2019-10-06T03:18:16;99534.14;;;8.61;89.35
30105;BME280;16920;57.07200000;-2.79700000;2019-10-06T03:20:44;99536.85;;;8.54;89.46
30105;BME280;16920;57.07200000;-2.79700000;2019-10-06T03:23:13;99537.13;;;8.57;89.30
30105;BME280;16920;57.07200000;-2.79700000;2019-10-06T03:25:43;99537.68;;;8.57;89.53
30105;BME280;16920;57.07200000;-2.79700000;2019-10-06T03:28:12;99537.41;;;8.58;88.95
30105;BME280;16920;57.07200000;-2.79700000;2019-10-06T03:30:41;99541.76;;;8.54;89.28
30105;BME280;16920;57.07200000;-2.79700000;2019-10-06T03:33:10;99549.41;;;8.52;89.03
30105;BME280;16920;57.07200000;-2.79700000;2019-10-06T03:36:16;99543.64;;;8.48;89.05
30105;BME280;16920;57.07200000;-2.79700000;2019-10-06T03:39:15;99543.66;;;8.46;89.47
30105;BME280;16920;57.07200000;-2.79700000;2019-10-06T03:41:20;99539.85;;;8.52;89.25
30105;BME280;16920;57.07200000;-2.79700000;2019-10-06T03:55:57;99539.84;;;8.50;89.46
30105;BME280;16920;57.07200000;-2.79700000;2019-10-06T03:58:26;99538.67;;;8.43;90.07
30105;BME280;16920;57.07200000;-2.79700000;2019-10-06T04:00:54;99546.31;;;8.41;89.91
30105;BME280;16920;57.07200000;-2.79700000;2019-10-06T04:03:23;99559.42;;;8.39;90.51
30105;BME280;16920;57.07200000;-2.79700000;2019-10-06T04:05:52;99545.02;;;8.46;89.92
30105;BME280;16920;57.07200000;-2.79700000;2019-10-06T04:08:20;99543.13;;;8.52;89.18
30105;BME280;16920;57.07200000;-2.79700000;2019-10-06T04:10:49;99537.11;;;8.50;88.51
30105;BME280;16920;57.07200000;-2.79700000;2019-10-06T04:13:17;99534.11;;;8.46;88.22
30105;BME280;16920;57.07200000;-2.79700000;2019-10-06T04:18:47;99555.87;;;8.41;86.79
30105;BME280;16920;57.07200000;-2.79700000;2019-10-06T04:21:17;99542.19;;;8.36;87.38
30105;BME280;16920;57.07200000;-2.79700000;2019-10-06T04:23:45;99534.86;;;8.39;86.81
30105;BME280;16920;57.07200000;-2.79700000;2019-10-06T04:26:14;99537.53;;;8.31;87.96
30105;BME280;16920;57.07200000;-2.79700000;2019-10-06T04:28:42;99544.08;;;8.27;88.53
30105;BME280;16920;57.07200000;-2.79700000;2019-10-06T04:31:11;99535.90;;;8.27;88.68
30105;BME280;16920;57.07200000;-2.79700000;2019-10-06T04:33:39;99541.31;;;8.22;89.11
30105;BME280;16920;57.07200000;-2.79700000;2019-10-06T04:36:08;99541.83;;;8.17;89.82
30105;BME280;16920;57.07200000;-2.79700000;2019-10-06T04:38:36;99533.66;;;8.19;88.14
30105;BME280;16920;57.07200000;-2.79700000;2019-10-06T04:41:05;99536.41;;;8.24;88.13
30105;BME280;16920;57.07200000;-2.79700000;2019-10-06T04:43:33;99539.39;;;8.18;88.52
30105;BME280;16920;57.07200000;-2.79700000;2019-10-06T04:46:02;99541.84;;;8.19;88.72
30105;BME280;16920;57.07200000;-2.79700000;2019-10-06T04:48:30;99551.37;;;8.17;89.01
30105;BME280;16920;57.07200000;-2.79700000;2019-10-06T04:50:59;99541.51;;;8.08;89.74
30105;BME280;16920;57.07200000;-2.79700000;2019-10-06T04:53:27;99547.80;;;8.11;90.03
30105;BME280;16920;57.07200000;-2.79700000;2019-10-06T04:55:56;99558.14;;;8.11;90.58
30105;BME280;16920;57.07200000;-2.79700000;2019-10-06T04:58:24;99552.42;;;8.13;90.16
30105;BME280;16920;57.07200000;-2.79700000;2019-10-06T05:00:53;99566.15;;;8.23;89.96
30105;BME280;16920;57.07200000;-2.79700000;2019-10-06T05:03:22;99566.39;;;8.19;89.61
30105;BME280;16920;57.07200000;-2.79700000;2019-10-06T05:05:50;99563.61;;;8.09;89.39
30105;BME280;16920;57.07200000;-2.79700000;2019-10-06T05:08:19;99552.70;;;8.09;89.39
30105;BME280;16920;57.07200000;-2.79700000;2019-10-06T05:10:50;99567.41;;;8.08;89.08
30105;BME280;16920;57.07200000;-2.79700000;2019-10-06T05:13:19;99560.84;;;8.04;88.29
30105;BME280;16920;57.07200000;-2.79700000;2019-10-06T05:15:48;99564.69;;;8.08;88.92
30105;BME280;16920;57.07200000;-2.79700000;2019-10-06T05:18:18;99561.91;;;8.03;88.65
30105;BME280;16920;57.07200000;-2.79700000;2019-10-06T05:20:46;99564.05;;;7.95;89.28
30105;BME280;16920;57.07200000;-2.79700000;2019-10-06T05:23:15;99567.90;;;8.00;89.49
30105;BME280;16920;57.07200000;-2.79700000;2019-10-06T05:25:43;99573.07;;;7.96;89.63
30105;BME280;16920;57.07200000;-2.79700000;2019-10-06T05:28:12;99572.58;;;8.07;88.13
30105;BME280;16920;57.07200000;-2.79700000;2019-10-06T05:30:40;99575.02;;;8.06;87.86
30105;BME280;16920;57.07200000;-2.79700000;2019-10-06T05:33:09;99579.38;;;8.02;87.90
30105;BME280;16920;57.07200000;-2.79700000;2019-10-06T05:35:38;99572.23;;;7.95;88.80
30105;BME280;16920;57.07200000;-2.79700000;2019-10-06T05:38:06;99571.92;;;7.89;89.42
30105;BME280;16920;57.07200000;-2.79700000;2019-10-06T05:40:34;99571.42;;;7.95;88.60
30105;BME280;16920;57.07200000;-2.79700000;2019-10-06T05:43:03;99574.42;;;7.99;87.97
30105;BME280;16920;57.07200000;-2.79700000;2019-10-06T05:45:33;99564.05;;;7.95;88.01
30105;BME280;16920;57.07200000;-2.79700000;2019-10-06T05:48:09;99567.59;;;7.93;88.57
30105;BME280;16920;57.07200000;-2.79700000;2019-10-06T05:50:39;99576.27;;;7.88;89.07
30105;BME280;16920;57.07200000;-2.79700000;2019-10-06T05:53:15;99578.98;;;7.85;89.62
30105;BME280;16920;57.07200000;-2.79700000;2019-10-06T05:55:44;99578.42;;;7.83;90.18
30105;BME280;16920;57.07200000;-2.79700000;2019-10-06T05:58:13;99580.84;;;7.79;90.26
30105;BME280;16920;57.07200000;-2.79700000;2019-10-06T06:00:41;99595.83;;;7.79;90.09
30105;BME280;16920;57.07200000;-2.79700000;2019-10-06T06:03:09;99589.55;;;7.76;90.49
30105;BME280;16920;57.07200000;-2.79700000;2019-10-06T06:05:38;99590.17;;;7.86;89.87
30105;BME280;16920;57.07200000;-2.79700000;2019-10-06T06:08:06;99595.91;;;7.90;89.63
30105;BME280;16920;57.07200000;-2.79700000;2019-10-06T06:10:36;99592.32;;;7.82;90.21
30105;BME280;16920;57.07200000;-2.79700000;2019-10-06T06:13:04;99603.20;;;7.79;90.23
30105;BME280;16920;57.07200000;-2.79700000;2019-10-06T06:15:33;99608.62;;;7.76;89.81
30105;BME280;16920;57.07200000;-2.79700000;2019-10-06T06:18:02;99610.27;;;7.80;89.68
30105;BME280;16920;57.07200000;-2.79700000;2019-10-06T06:20:31;99610.27;;;7.80;89.65
30105;BME280;16920;57.07200000;-2.79700000;2019-10-06T06:22:59;99609.25;;;7.86;88.92
30105;BME280;16920;57.07200000;-2.79700000;2019-10-06T06:25:28;99604.03;;;7.82;88.70
30105;BME280;16920;57.07200000;-2.79700000;2019-10-06T06:27:57;99613.58;;;7.82;89.80
30105;BME280;16920;57.07200000;-2.79700000;2019-10-06T06:30:26;99614.65;;;7.81;89.67
30105;BME280;16920;57.07200000;-2.79700000;2019-10-06T06:32:55;99613.28;;;7.81;89.58
30105;BME280;16920;57.07200000;-2.79700000;2019-10-06T06:35:25;99620.63;;;7.78;89.75
30105;BME280;16920;57.07200000;-2.79700000;2019-10-06T06:37:55;99628.86;;;7.83;89.58
30105;BME280;16920;57.07200000;-2.79700000;2019-10-06T06:40:23;99626.63;;;7.80;90.03
30105;BME280;16920;57.07200000;-2.79700000;2019-10-06T06:42:52;99632.12;;;7.85;89.73
30105;BME280;16920;57.07200000;-2.79700000;2019-10-06T06:45:22;99644.34;;;7.80;90.20
30105;BME280;16920;57.07200000;-2.79700000;2019-10-06T06:47:51;99644.60;;;7.76;90.76
30105;BME280;16920;57.07200000;-2.79700000;2019-10-06T06:50:21;99650.55;;;7.73;91.21
30105;BME280;16920;57.07200000;-2.79700000;2019-10-06T06:52:50;99652.98;;;7.69;91.46
30105;BME280;16920;57.07200000;-2.79700000;2019-10-06T06:55:19;99651.91;;;7.73;90.85
30105;BME280;16920;57.07200000;-2.79700000;2019-10-06T06:57:47;99650.89;;;7.79;90.64
30105;BME280;16920;57.07200000;-2.79700000;2019-10-06T07:00:23;99649.50;;;7.76;90.51
30105;BME280;16920;57.07200000;-2.79700000;2019-10-06T07:02:47;99657.73;;;7.84;90.33
30105;BME280;16920;57.07200000;-2.79700000;2019-10-06T07:05:17;99660.41;;;7.76;90.52
30105;BME280;16920;57.07200000;-2.79700000;2019-10-06T07:07:46;99661.19;;;7.74;90.53
30105;BME280;16920;57.07200000;-2.79700000;2019-10-06T07:10:14;99656.28;;;7.74;90.68
30105;BME280;16920;57.07200000;-2.79700000;2019-10-06T07:12:43;99667.73;;;7.73;90.67
30105;BME280;16920;57.07200000;-2.79700000;2019-10-06T07:15:15;99666.12;;;7.75;90.57
30105;BME280;16920;57.07200000;-2.79700000;2019-10-06T07:17:44;99669.36;;;7.74;90.85
30105;BME280;16920;57.07200000;-2.79700000;2019-10-06T07:20:13;99673.19;;;7.73;91.13
30105;BME280;16920;57.07200000;-2.79700000;2019-10-06T07:22:42;99681.40;;;7.76;91.24
30105;BME280;16920;57.07200000;-2.79700000;2019-10-06T07:25:12;99685.45;;;7.73;91.28
30105;BME280;16920;57.07200000;-2.79700000;2019-10-06T07:27:41;99687.40;;;7.78;91.20
30105;BME280;16920;57.07200000;-2.79700000;2019-10-06T07:30:11;99685.72;;;7.74;92.01
30105;BME280;16920;57.07200000;-2.79700000;2019-10-06T07:32:40;99694.44;;;7.74;92.05
30105;BME280;16920;57.07200000;-2.79700000;2019-10-06T07:35:12;99693.08;;;7.74;92.36
30105;BME280;16920;57.07200000;-2.79700000;2019-10-06T07:37:42;99693.08;;;7.74;92.41
30105;BME280;16920;57.07200000;-2.79700000;2019-10-06T07:40:11;99688.99;;;7.74;92.42
30105;BME280;16920;57.07200000;-2.79700000;2019-10-06T07:42:40;99691.16;;;7.74;92.75
30105;BME280;16920;57.07200000;-2.79700000;2019-10-06T07:45:09;99692.56;;;7.77;93.02
30105;BME280;16920;57.07200000;-2.79700000;2019-10-06T07:47:38;99691.20;;;7.77;92.94
30105;BME280;16920;57.07200000;-2.79700000;2019-10-06T07:50:08;99696.13;;;7.77;93.10
30105;BME280;16920;57.07200000;-2.79700000;2019-10-06T07:52:36;99705.67;;;7.80;93.08
30105;BME280;16920;57.07200000;-2.79700000;2019-10-06T07:55:06;99707.32;;;7.81;93.36
30105;BME280;16920;57.07200000;-2.79700000;2019-10-06T07:57:34;99703.52;;;7.82;93.44
30105;BME280;16920;57.07200000;-2.79700000;2019-10-06T08:00:08;99708.16;;;7.84;93.62
30105;BME280;16920;57.07200000;-2.79700000;2019-10-06T08:02:37;99709.00;;;7.87;93.52
30105;BME280;16920;57.07200000;-2.79700000;2019-10-06T08:05:07;99708.20;;;7.87;93.47
30105;BME280;16920;57.07200000;-2.79700000;2019-10-06T08:07:36;99719.39;;;7.88;93.51
30105;BME280;16920;57.07200000;-2.79700000;2019-10-06T08:10:05;99716.95;;;7.91;93.73
30105;BME280;16920;57.07200000;-2.79700000;2019-10-06T08:12:34;99726.23;;;7.90;93.60
30105;BME280;16920;57.07200000;-2.79700000;2019-10-06T08:15:07;99733.63;;;7.95;93.69
30105;BME280;16920;57.07200000;-2.79700000;2019-10-06T08:17:37;99731.45;;;7.94;93.80
30105;BME280;16920;57.07200000;-2.79700000;2019-10-06T08:20:07;99733.08;;;7.95;93.93
30105;BME280;16920;57.07200000;-2.79700000;2019-10-06T08:22:36;99735.55;;;7.97;93.86
30105;BME280;16920;57.07200000;-2.79700000;2019-10-06T08:25:05;99739.67;;;8.00;93.90
30105;BME280;16920;57.07200000;-2.79700000;2019-10-06T08:27:34;99736.39;;;8.00;93.88
30105;BME280;16920;57.07200000;-2.79700000;2019-10-06T08:30:05;99739.44;;;8.04;94.04
30105;BME280;16920;57.07200000;-2.79700000;2019-10-06T08:32:33;99741.87;;;8.03;94.13
30105;BME280;16920;57.07200000;-2.79700000;2019-10-06T08:35:03;99750.37;;;8.06;94.06
30105;BME280;16920;57.07200000;-2.79700000;2019-10-06T08:37:31;99752.03;;;8.10;94.11
30105;BME280;16920;57.07200000;-2.79700000;2019-10-06T08:40:00;99750.14;;;8.10;93.92
30105;BME280;16920;57.07200000;-2.79700000;2019-10-06T08:42:28;99758.33;;;8.13;93.54
30105;BME280;16920;57.07200000;-2.79700000;2019-10-06T08:44:57;99756.47;;;8.16;93.59
30105;BME280;16920;57.07200000;-2.79700000;2019-10-06T08:47:25;99758.38;;;8.18;93.38
30105;BME280;16920;57.07200000;-2.79700000;2019-10-06T08:49:54;99767.15;;;8.20;93.14
30105;BME280;16920;57.07200000;-2.79700000;2019-10-06T08:52:22;99763.61;;;8.22;93.53
30105;BME280;16920;57.07200000;-2.79700000;2019-10-06T08:54:51;99780.55;;;8.27;93.62
30105;BME280;16920;57.07200000;-2.79700000;2019-10-06T08:57:19;99770.48;;;8.27;93.56
30105;BME280;16920;57.07200000;-2.79700000;2019-10-06T08:59:48;99772.66;;;8.28;93.81
30105;BME280;16920;57.07200000;-2.79700000;2019-10-06T09:02:16;99774.02;;;8.28;93.84
30105;BME280;16920;57.07200000;-2.79700000;2019-10-06T09:04:49;99773.77;;;8.29;93.76
30105;BME280;16920;57.07200000;-2.79700000;2019-10-06T09:07:16;99776.52;;;8.32;93.85
30105;BME280;16920;57.07200000;-2.79700000;2019-10-06T09:09:45;99782.81;;;8.35;93.82
30105;BME280;16920;57.07200000;-2.79700000;2019-10-06T09:12:16;99783.39;;;8.40;93.90
30105;BME280;16920;57.07200000;-2.79700000;2019-10-06T09:14:44;99784.52;;;8.44;93.82
30105;BME280;16920;57.07200000;-2.79700000;2019-10-06T09:17:12;99790.04;;;8.46;93.57
30105;BME280;16920;57.07200000;-2.79700000;2019-10-06T09:19:41;99788.94;;;8.45;93.52
30105;BME280;16920;57.07200000;-2.79700000;2019-10-06T09:22:09;99797.88;;;8.43;93.30
30105;BME280;16920;57.07200000;-2.79700000;2019-10-06T09:24:38;99796.52;;;8.43;93.27
30105;BME280;16920;57.07200000;-2.79700000;2019-10-06T09:27:06;99802.26;;;8.44;93.37
30105;BME280;16920;57.07200000;-2.79700000;2019-10-06T09:29:35;99806.12;;;8.45;93.35
30105;BME280;16920;57.07200000;-2.79700000;2019-10-06T09:32:03;99812.71;;;8.50;93.53
30105;BME280;16920;57.07200000;-2.79700000;2019-10-06T09:34:32;99813.81;;;8.51;93.59
30105;BME280;16920;57.07200000;-2.79700000;2019-10-06T09:37:00;99818.14;;;8.47;93.54
30105;BME280;16920;57.07200000;-2.79700000;2019-10-06T09:39:29;99831.52;;;8.48;93.41
30105;BME280;16920;57.07200000;-2.79700000;2019-10-06T09:41:58;99832.91;;;8.51;93.36
30105;BME280;16920;57.07200000;-2.79700000;2019-10-06T09:44:26;99834.56;;;8.52;93.05
30105;BME280;16920;57.07200000;-2.79700000;2019-10-06T09:46:55;99834.86;;;8.56;93.04
30105;BME280;16920;57.07200000;-2.79700000;2019-10-06T09:49:23;99839.58;;;8.65;92.01
30105;BME280;16920;57.07200000;-2.79700000;2019-10-06T09:51:52;99831.38;;;8.60;91.17
30105;BME280;16920;57.07200000;-2.79700000;2019-10-06T09:54:20;99843.42;;;8.64;90.70
30105;BME280;16920;57.07200000;-2.79700000;2019-10-06T09:56:49;99846.48;;;8.76;90.58
30105;BME280;16920;57.07200000;-2.79700000;2019-10-06T09:59:17;99846.25;;;8.77;89.21
30105;BME280;16920;57.07200000;-2.79700000;2019-10-06T10:01:46;99853.37;;;8.81;89.32
30105;BME280;16920;57.07200000;-2.79700000;2019-10-06T10:04:14;99853.44;;;8.91;88.48
30105;BME280;16920;57.07200000;-2.79700000;2019-10-06T10:06:43;99859.42;;;8.88;88.44
30105;BME280;16920;57.07200000;-2.79700000;2019-10-06T10:09:11;99867.36;;;8.90;88.35
30105;BME280;16920;57.07200000;-2.79700000;2019-10-06T10:11:40;99868.53;;;8.99;88.50
30105;BME280;16920;57.07200000;-2.79700000;2019-10-06T10:14:09;99873.69;;;8.95;88.83
30105;BME280;16920;57.07200000;-2.79700000;2019-10-06T10:16:38;99876.77;;;9.07;89.35
30105;BME280;16920;57.07200000;-2.79700000;2019-10-06T10:19:06;99876.53;;;9.11;88.82
30105;BME280;16920;57.07200000;-2.79700000;2019-10-06T10:21:35;99881.49;;;9.16;88.41
30105;BME280;16920;57.07200000;-2.79700000;2019-10-06T10:24:03;99888.06;;;9.18;89.99
30105;BME280;16920;57.07200000;-2.79700000;2019-10-06T10:26:32;99886.64;;;9.13;88.30
30105;BME280;16920;57.07200000;-2.79700000;2019-10-06T10:29:00;99892.66;;;9.12;88.21
30105;BME280;16920;57.07200000;-2.79700000;2019-10-06T10:31:29;99888.56;;;9.12;88.23
30105;BME280;16920;57.07200000;-2.79700000;2019-10-06T10:33:57;99897.86;;;9.14;87.59
30105;BME280;16920;57.07200000;-2.79700000;2019-10-06T10:36:26;99895.37;;;9.10;87.83
30105;BME280;16920;57.07200000;-2.79700000;2019-10-06T10:38:54;99896.19;;;9.08;87.14
30105;BME280;16920;57.07200000;-2.79700000;2019-10-06T10:41:23;99907.14;;;9.10;87.86
30105;BME280;16920;57.07200000;-2.79700000;2019-10-06T10:43:52;99899.23;;;9.14;88.09
30105;BME280;16920;57.07200000;-2.79700000;2019-10-06T10:46:20;99910.97;;;9.12;87.50
30105;BME280;16920;57.07200000;-2.79700000;2019-10-06T10:48:49;99919.14;;;9.09;87.20
30105;BME280;16920;57.07200000;-2.79700000;2019-10-06T10:51:17;99913.17;;;9.15;88.00
30105;BME280;16920;57.07200000;-2.79700000;2019-10-06T10:53:46;99914.23;;;9.09;87.98
30105;BME280;16920;57.07200000;-2.79700000;2019-10-06T10:56:14;99925.67;;;9.08;88.27
30105;BME280;16920;57.07200000;-2.79700000;2019-10-06T10:58:42;99927.02;;;9.06;87.87
30105;BME280;16920;57.07200000;-2.79700000;2019-10-06T11:01:11;99921.00;;;9.04;87.42
30105;BME280;16920;57.07200000;-2.79700000;2019-10-06T11:03:39;99924.10;;;9.15;88.39
30105;BME280;16920;57.07200000;-2.79700000;2019-10-06T11:06:08;99927.59;;;9.08;87.25
30105;BME280;16920;57.07200000;-2.79700000;2019-10-06T11:08:36;99927.91;;;9.14;88.55
30105;BME280;16920;57.07200000;-2.79700000;2019-10-06T11:11:28;99935.79;;;9.08;89.02
30105;BME280;16920;57.07200000;-2.79700000;2019-10-06T11:13:58;99933.09;;;9.10;89.17
30105;BME280;16920;57.07200000;-2.79700000;2019-10-06T11:16:27;99938.78;;;9.06;89.10
30105;BME280;16920;57.07200000;-2.79700000;2019-10-06T11:18:56;99934.08;;;9.02;89.20
30105;BME280;16920;57.07200000;-2.79700000;2019-10-06T11:21:24;99949.45;;;9.08;89.21
30105;BME280;16920;57.07200000;-2.79700000;2019-10-06T11:23:53;99953.30;;;9.14;89.02
30105;BME280;16920;57.07200000;-2.79700000;2019-10-06T11:26:21;99958.54;;;9.16;89.00
30105;BME280;16920;57.07200000;-2.79700000;2019-10-06T11:29:08;99959.56;;;9.10;89.54
30105;BME280;16920;57.07200000;-2.79700000;2019-10-06T11:31:37;99955.80;;;9.16;89.71
30105;BME280;16920;57.07200000;-2.79700000;2019-10-06T11:34:05;99963.10;;;9.08;89.85
30105;BME280;16920;57.07200000;-2.79700000;2019-10-06T11:36:34;99964.00;;;9.19;89.79
30105;BME280;16920;57.07200000;-2.79700000;2019-10-06T11:39:04;99962.95;;;9.22;89.34
30105;BME280;16920;57.07200000;-2.79700000;2019-10-06T11:41:35;99968.63;;;9.15;89.04
30105;BME280;16920;57.07200000;-2.79700000;2019-10-06T11:44:03;99965.20;;;9.30;89.36
30105;BME280;16920;57.07200000;-2.79700000;2019-10-06T11:46:32;99965.47;;;9.29;88.91
30105;BME280;16920;57.07200000;-2.79700000;2019-10-06T11:49:00;99965.81;;;9.38;88.86
30105;BME280;16920;57.07200000;-2.79700000;2019-10-06T11:51:29;99968.78;;;9.33;89.39
30105;BME280;16920;57.07200000;-2.79700000;2019-10-06T11:53:57;99974.27;;;9.36;88.43
30105;BME280;16920;57.07200000;-2.79700000;2019-10-06T11:56:26;99977.27;;;9.34;88.97
30105;BME280;16920;57.07200000;-2.79700000;2019-10-06T11:58:54;99976.16;;;9.36;89.18
30105;BME280;16920;57.07200000;-2.79700000;2019-10-06T12:01:23;99981.08;;;9.33;89.08
30105;BME280;16920;57.07200000;-2.79700000;2019-10-06T12:03:51;99977.50;;;9.33;89.84
30105;BME280;16920;57.07200000;-2.79700000;2019-10-06T12:06:20;99979.70;;;9.33;89.94
30105;BME280;16920;57.07200000;-2.79700000;2019-10-06T12:08:48;99978.11;;;9.38;89.99
30105;BME280;16920;57.07200000;-2.79700000;2019-10-06T12:11:17;99977.87;;;9.42;89.87
30105;BME280;16920;57.07200000;-2.79700000;2019-10-06T12:13:45;99978.97;;;9.43;89.04
30105;BME280;16920;57.07200000;-2.79700000;2019-10-06T12:16:14;99984.41;;;9.41;88.79
30105;BME280;16920;57.07200000;-2.79700000;2019-10-06T12:18:43;99985.27;;;9.46;89.21
30105;BME280;16920;57.07200000;-2.79700000;2019-10-06T12:21:11;99986.42;;;9.56;88.36
30105;BME280;16920;57.07200000;-2.79700000;2019-10-06T12:23:40;99993.30;;;9.61;87.11
30105;BME280;16920;57.07200000;-2.79700000;2019-10-06T12:26:08;99996.33;;;9.62;86.35
30105;BME280;16920;57.07200000;-2.79700000;2019-10-06T12:28:37;99990.08;;;9.72;87.88
30105;BME280;16920;57.07200000;-2.79700000;2019-10-06T12:31:05;99987.86;;;9.63;86.35
30105;BME280;16920;57.07200000;-2.79700000;2019-10-06T12:33:34;99996.03;;;9.61;87.37
30105;BME280;16920;57.07200000;-2.79700000;2019-10-06T12:36:02;99998.48;;;9.60;87.65
30105;BME280;16920;57.07200000;-2.79700000;2019-10-06T12:38:31;100001.45;;;9.53;87.51
30105;BME280;16920;57.07200000;-2.79700000;2019-10-06T12:40:59;100004.69;;;9.50;87.62
30105;BME280;16920;57.07200000;-2.79700000;2019-10-06T12:43:28;100009.00;;;9.41;87.91
30105;BME280;16920;57.07200000;-2.79700000;2019-10-06T12:45:56;100000.15;;;9.28;88.73
30105;BME280;16920;57.07200000;-2.79700000;2019-10-06T12:48:25;100000.44;;;9.29;88.73
30105;BME280;16920;57.07200000;-2.79700000;2019-10-06T12:50:53;100005.93;;;9.32;88.45
30105;BME280;16920;57.07200000;-2.79700000;2019-10-06T12:53:22;100011.11;;;9.31;87.80
30105;BME280;16920;57.07200000;-2.79700000;2019-10-06T12:55:50;100018.23;;;9.32;87.40
30105;BME280;16920;57.07200000;-2.79700000;2019-10-06T12:58:19;100017.23;;;9.46;87.74
30105;BME280;16920;57.07200000;-2.79700000;2019-10-06T13:00:47;100029.64;;;9.56;86.53
30105;BME280;16920;57.07200000;-2.79700000;2019-10-06T13:03:16;100025.05;;;9.67;86.72
30105;BME280;16920;57.07200000;-2.79700000;2019-10-06T13:05:45;100030.04;;;9.75;86.24
30105;BME280;16920;57.07200000;-2.79700000;2019-10-06T13:08:15;100029.53;;;9.81;86.38
30105;BME280;16920;57.07200000;-2.79700000;2019-10-06T13:10:44;100032.02;;;9.85;86.17
30105;BME280;16920;57.07200000;-2.79700000;2019-10-06T13:13:12;100034.77;;;9.90;85.34
30105;BME280;16920;57.07200000;-2.79700000;2019-10-06T13:15:41;100029.64;;;9.96;85.13
30105;BME280;16920;57.07200000;-2.79700000;2019-10-06T13:18:09;100034.92;;;10.11;85.64
30105;BME280;16920;57.07200000;-2.79700000;2019-10-06T13:20:38;100032.77;;;10.18;85.16
30105;BME280;16920;57.07200000;-2.79700000;2019-10-06T13:23:07;100040.16;;;10.20;85.36
30105;BME280;16920;57.07200000;-2.79700000;2019-10-06T13:25:35;100040.30;;;10.41;85.06
30105;BME280;16920;57.07200000;-2.79700000;2019-10-06T13:28:04;100044.41;;;10.41;84.01
30105;BME280;16920;57.07200000;-2.79700000;2019-10-06T13:30:32;100045.49;;;10.40;82.55
30105;BME280;16920;57.07200000;-2.79700000;2019-10-06T13:33:01;100035.91;;;10.40;83.24
30105;BME280;16920;57.07200000;-2.79700000;2019-10-06T13:35:29;100039.77;;;10.44;83.40
30105;BME280;16920;57.07200000;-2.79700000;2019-10-06T13:37:58;100037.08;;;10.57;81.71
30105;BME280;16920;57.07200000;-2.79700000;2019-10-06T13:40:54;100041.46;;;10.55;81.01
30105;BME280;16920;57.07200000;-2.79700000;2019-10-06T13:43:25;100055.16;;;10.60;82.49
30105;BME280;16920;57.07200000;-2.79700000;2019-10-06T13:45:54;100057.94;;;10.73;82.15
30105;BME280;16920;57.07200000;-2.79700000;2019-10-06T13:48:23;100054.10;;;10.71;80.18
30105;BME280;16920;57.07200000;-2.79700000;2019-10-06T13:50:52;100059.56;;;10.64;79.55
30105;BME280;16920;57.07200000;-2.79700000;2019-10-06T13:53:20;100066.71;;;10.72;79.98
30105;BME280;16920;57.07200000;-2.79700000;2019-10-06T13:55:49;100063.95;;;10.65;79.42
30105;BME280;16920;57.07200000;-2.79700000;2019-10-06T13:58:17;100076.55;;;10.63;79.96
30105;BME280;16920;57.07200000;-2.79700000;2019-10-06T14:00:46;100074.91;;;10.65;79.79
30105;BME280;16920;57.07200000;-2.79700000;2019-10-06T14:03:14;100074.39;;;10.70;79.70
30105;BME280;16920;57.07200000;-2.79700000;2019-10-06T14:05:43;100073.28;;;10.69;78.87
30105;BME280;16920;57.07200000;-2.79700000;2019-10-06T14:08:11;100075.45;;;10.67;78.11
30105;BME280;16920;57.07200000;-2.79700000;2019-10-06T14:10:40;100069.69;;;10.61;79.65
30105;BME280;16920;57.07200000;-2.79700000;2019-10-06T14:13:08;100066.64;;;10.52;78.29
30105;BME280;16920;57.07200000;-2.79700000;2019-10-06T14:15:38;100074.56;;;10.51;78.19
30105;BME280;16920;57.07200000;-2.79700000;2019-10-06T14:18:06;100072.37;;;10.48;79.50
30105;BME280;16920;57.07200000;-2.79700000;2019-10-06T14:20:35;100078.11;;;10.46;78.66
30105;BME280;16920;57.07200000;-2.79700000;2019-10-06T14:23:04;100079.21;;;10.48;79.02
30105;BME280;16920;57.07200000;-2.79700000;2019-10-06T14:25:33;100080.87;;;10.54;80.14
30105;BME280;16920;57.07200000;-2.79700000;2019-10-06T14:28:01;100078.42;;;10.55;79.54
30105;BME280;16920;57.07200000;-2.79700000;2019-10-06T14:30:30;100082.22;;;10.51;79.31
30105;BME280;16920;57.07200000;-2.79700000;2019-10-06T14:32:58;100080.59;;;10.53;79.19
30105;BME280;16920;57.07200000;-2.79700000;2019-10-06T14:35:27;100103.58;;;10.49;81.12
30105;BME280;16920;57.07200000;-2.79700000;2019-10-06T14:37:55;100103.31;;;10.51;79.58
30105;BME280;16920;57.07200000;-2.79700000;2019-10-06T14:40:24;100102.77;;;10.49;78.87
30105;BME280;16920;57.07200000;-2.79700000;2019-10-06T14:42:52;100107.08;;;10.40;78.86
30105;BME280;16920;57.07200000;-2.79700000;2019-10-06T14:45:21;100107.62;;;10.36;80.80
30105;BME280;16920;57.07200000;-2.79700000;2019-10-06T14:47:49;100100.44;;;10.30;80.05
30105;BME280;16920;57.07200000;-2.79700000;2019-10-06T14:50:18;100100.70;;;10.31;80.51
30105;BME280;16920;57.07200000;-2.79700000;2019-10-06T14:52:46;100092.30;;;10.38;79.47
30105;BME280;16920;57.07200000;-2.79700000;2019-10-06T14:55:15;100105.36;;;10.31;80.79
30105;BME280;16920;57.07200000;-2.79700000;2019-10-06T14:57:43;100105.63;;;10.29;80.08
30105;BME280;16920;57.07200000;-2.79700000;2019-10-06T15:00:14;100106.69;;;10.26;79.79
30105;BME280;16920;57.07200000;-2.79700000;2019-10-06T15:02:43;100097.13;;;10.28;79.82
30105;BME280;16920;57.07200000;-2.79700000;2019-10-06T15:05:12;100100.16;;;10.29;80.30
30105;BME280;16920;57.07200000;-2.79700000;2019-10-06T15:07:42;100098.73;;;10.24;80.80
30105;BME280;16920;57.07200000;-2.79700000;2019-10-06T15:10:12;100121.74;;;10.23;81.37
30105;BME280;16920;57.07200000;-2.79700000;2019-10-06T15:12:41;100115.69;;;10.21;81.31
30105;BME280;16920;57.07200000;-2.79700000;2019-10-06T15:15:14;100117.30;;;10.17;81.60
30105;BME280;16920;57.07200000;-2.79700000;2019-10-06T15:17:43;100120.29;;;10.10;81.89
30105;BME280;16920;57.07200000;-2.79700000;2019-10-06T15:20:12;100127.14;;;10.15;81.52
30105;BME280;16920;57.07200000;-2.79700000;2019-10-06T15:22:41;100128.49;;;10.13;81.41
30105;BME280;16920;57.07200000;-2.79700000;2019-10-06T15:25:10;100142.53;;;10.24;81.23
30105;BME280;16920;57.07200000;-2.79700000;2019-10-06T15:27:39;100140.04;;;10.17;81.52
30105;BME280;16920;57.07200000;-2.79700000;2019-10-06T15:30:08;100133.13;;;10.10;81.93
30105;BME280;16920;57.07200000;-2.79700000;2019-10-06T15:32:36;100129.84;;;10.08;82.03
30105;BME280;16920;57.07200000;-2.79700000;2019-10-06T15:35:05;100127.89;;;10.06;82.20
30105;BME280;16920;57.07200000;-2.79700000;2019-10-06T15:37:33;100137.47;;;10.06;83.60
30105;BME280;16920;57.07200000;-2.79700000;2019-10-06T15:40:04;100137.19;;;10.02;82.26
30105;BME280;16920;57.07200000;-2.79700000;2019-10-06T15:42:32;100136.95;;;10.06;81.62
30105;BME280;16920;57.07200000;-2.79700000;2019-10-06T15:45:01;100137.50;;;10.08;82.03
30105;BME280;16920;57.07200000;-2.79700000;2019-10-06T15:47:30;100149.49;;;10.02;81.65
30105;BME280;16920;57.07200000;-2.79700000;2019-10-06T15:49:58;100166.95;;;9.98;81.87
30105;BME280;16920;57.07200000;-2.79700000;2019-10-06T15:52:27;100171.04;;;9.93;82.20
30105;BME280;16920;57.07200000;-2.79700000;2019-10-06T15:54:55;100168.24;;;9.88;82.67
30105;BME280;16920;57.07200000;-2.79700000;2019-10-06T15:57:24;100175.41;;;9.92;82.40
30105;BME280;16920;57.07200000;-2.79700000;2019-10-06T15:59:52;100185.79;;;9.92;82.29
30105;BME280;16920;57.07200000;-2.79700000;2019-10-06T16:02:21;100184.95;;;9.89;83.01
30105;BME280;16920;57.07200000;-2.79700000;2019-10-06T16:04:50;100176.45;;;9.88;82.62
30105;BME280;16920;57.07200000;-2.79700000;2019-10-06T16:07:18;100166.35;;;9.91;82.82
30105;BME280;16920;57.07200000;-2.79700000;2019-10-06T16:09:47;100170.54;;;9.99;82.50
30105;BME280;16920;57.07200000;-2.79700000;2019-10-06T16:12:16;100169.67;;;9.93;82.23
30105;BME280;16920;57.07200000;-2.79700000;2019-10-06T16:14:44;100179.19;;;9.88;83.22
30105;BME280;16920;57.07200000;-2.79700000;2019-10-06T16:17:13;100171.22;;;9.84;83.07
30105;BME280;16920;57.07200000;-2.79700000;2019-10-06T16:19:41;100176.13;;;9.84;83.48
30105;BME280;16920;57.07200000;-2.79700000;2019-10-06T16:22:10;100179.39;;;9.79;83.52
30105;BME280;16920;57.07200000;-2.79700000;2019-10-06T16:24:38;100184.25;;;9.74;83.95
30105;BME280;16920;57.07200000;-2.79700000;2019-10-06T16:27:07;100194.41;;;9.76;84.13
30105;BME280;16920;57.07200000;-2.79700000;2019-10-06T16:29:35;100202.25;;;9.67;85.01
30105;BME280;16920;57.07200000;-2.79700000;2019-10-06T16:32:04;100196.48;;;9.66;84.64
30105;BME280;16920;57.07200000;-2.79700000;2019-10-06T16:34:32;100205.99;;;9.61;84.83
30105;BME280;16920;57.07200000;-2.79700000;2019-10-06T16:37:01;100207.58;;;9.57;85.29
30105;BME280;16920;57.07200000;-2.79700000;2019-10-06T16:39:29;100212.17;;;9.51;85.97
30105;BME280;16920;57.07200000;-2.79700000;2019-10-06T16:41:58;100216.53;;;9.50;85.62
30105;BME280;16920;57.07200000;-2.79700000;2019-10-06T16:44:26;100221.14;;;9.47;86.45
30105;BME280;16920;57.07200000;-2.79700000;2019-10-06T16:46:55;100224.69;;;9.45;86.23
30105;BME280;16920;57.07200000;-2.79700000;2019-10-06T16:49:23;100221.11;;;9.44;86.17
30105;BME280;16920;57.07200000;-2.79700000;2019-10-06T16:51:52;100235.03;;;9.40;86.47
30105;BME280;16920;57.07200000;-2.79700000;2019-10-06T16:54:20;100236.33;;;9.35;86.66
30105;BME280;16920;57.07200000;-2.79700000;2019-10-06T16:56:49;100239.23;;;9.28;86.63
30105;BME280;16920;57.07200000;-2.79700000;2019-10-06T16:59:17;100233.69;;;9.21;86.32
30105;BME280;16920;57.07200000;-2.79700000;2019-10-06T17:01:46;100248.16;;;9.21;86.45
30105;BME280;16920;57.07200000;-2.79700000;2019-10-06T17:04:14;100255.51;;;9.18;86.50
30105;BME280;16920;57.07200000;-2.79700000;2019-10-06T17:06:43;100262.81;;;9.12;87.08
30105;BME280;16920;57.07200000;-2.79700000;2019-10-06T17:09:11;100247.40;;;9.04;88.22
30105;BME280;16920;57.07200000;-2.79700000;2019-10-06T17:11:43;100247.27;;;8.93;88.46
30105;BME280;16920;57.07200000;-2.79700000;2019-10-06T17:17:09;100245.97;;;8.79;88.98
30105;BME280;16920;57.07200000;-2.79700000;2019-10-06T17:19:39;100246.70;;;8.74;88.64
30105;BME280;16920;57.07200000;-2.79700000;2019-10-06T17:22:11;100256.72;;;8.69;89.17
30105;BME280;16920;57.07200000;-2.79700000;2019-10-06T17:24:48;100258.84;;;8.64;88.92
30105;BME280;16920;57.07200000;-2.79700000;2019-10-06T17:27:18;100265.35;;;8.60;88.90
30105;BME280;16920;57.07200000;-2.79700000;2019-10-06T17:29:51;100266.72;;;8.60;89.19
30105;BME280;16920;57.07200000;-2.79700000;2019-10-06T17:32:23;100281.07;;;8.53;89.33
30105;BME280;16920;57.07200000;-2.79700000;2019-10-06T17:34:53;100284.50;;;8.46;90.32
30105;BME280;16920;57.07200000;-2.79700000;2019-10-06T17:37:26;100286.76;;;8.37;90.74
30105;BME280;16920;57.07200000;-2.79700000;2019-10-06T17:39:56;100294.26;;;8.27;90.50
30105;BME280;16920;57.07200000;-2.79700000;2019-10-06T17:42:26;100293.80;;;8.19;91.09
30105;BME280;16920;57.07200000;-2.79700000;2019-10-06T17:44:56;100286.00;;;8.08;91.22
30105;BME280;16920;57.07200000;-2.79700000;2019-10-06T17:47:24;100293.01;;;8.04;91.51
30105;BME280;16920;57.07200000;-2.79700000;2019-10-06T17:49:54;100301.58;;;7.95;91.76
30105;BME280;16920;57.07200000;-2.79700000;2019-10-06T17:52:25;100295.25;;;7.92;91.60
30105;BME280;16920;57.07200000;-2.79700000;2019-10-06T17:54:57;100302.07;;;7.92;91.79
30105;BME280;16920;57.07200000;-2.79700000;2019-10-06T17:57:27;100309.13;;;7.91;91.77
30105;BME280;16920;57.07200000;-2.79700000;2019-10-06T17:59:58;100298.12;;;7.86;91.84
30105;BME280;16920;57.07200000;-2.79700000;2019-10-06T18:02:27;100299.73;;;7.84;92.15
30105;BME280;16920;57.07200000;-2.79700000;2019-10-06T18:04:56;100292.89;;;7.82;92.06
30105;BME280;16920;57.07200000;-2.79700000;2019-10-06T18:07:24;100288.63;;;7.74;92.16
30105;BME280;16920;57.07200000;-2.79700000;2019-10-06T18:09:53;100289.42;;;7.72;92.64
30105;BME280;16920;57.07200000;-2.79700000;2019-10-06T18:12:23;100288.14;;;7.63;92.50
30105;BME280;16920;57.07200000;-2.79700000;2019-10-06T18:14:55;100292.47;;;7.61;92.67
30105;BME280;16920;57.07200000;-2.79700000;2019-10-06T18:17:25;100291.35;;;7.59;92.35
30105;BME280;16920;57.07200000;-2.79700000;2019-10-06T18:19:54;100294.37;;;7.60;92.62
30105;BME280;16920;57.07200000;-2.79700000;2019-10-06T18:22:24;100286.69;;;7.57;92.54
30105;BME280;16920;57.07200000;-2.79700000;2019-10-06T18:24:54;100288.33;;;7.58;92.55
30105;BME280;16920;57.07200000;-2.79700000;2019-10-06T18:27:28;100286.96;;;7.58;92.87
30105;BME280;16920;57.07200000;-2.79700000;2019-10-06T18:29:58;100293.28;;;7.61;92.95
30105;BME280;16920;57.07200000;-2.79700000;2019-10-06T18:32:29;100299.04;;;7.63;93.07
30105;BME280;16920;57.07200000;-2.79700000;2019-10-06T18:34:59;100293.27;;;7.47;92.56
30105;BME280;16920;57.07200000;-2.79700000;2019-10-06T18:37:29;100293.27;;;7.47;93.12
30105;BME280;16920;57.07200000;-2.79700000;2019-10-06T18:39:57;100271.33;;;7.39;93.16
30105;BME280;16920;57.07200000;-2.79700000;2019-10-06T18:42:26;100281.66;;;7.25;92.93
30105;BME280;16920;57.07200000;-2.79700000;2019-10-06T18:44:54;100273.42;;;7.23;93.37
30105;BME280;16920;57.07200000;-2.79700000;2019-10-06T18:47:25;100257.08;;;7.23;93.53
30105;BME280;16920;57.07200000;-2.79700000;2019-10-06T18:49:56;100265.89;;;7.13;93.52
30105;BME280;16920;57.07200000;-2.79700000;2019-10-06T18:52:24;100242.05;;;7.06;93.49
30105;BME280;16920;57.07200000;-2.79700000;2019-10-06T18:54:55;100234.52;;;6.99;93.51
30105;BME280;16920;57.07200000;-2.79700000;2019-10-06T18:57:23;100228.52;;;6.85;93.47
30105;BME280;16920;57.07200000;-2.79700000;2019-10-06T18:59:52;100223.23;;;6.92;93.88
30105;BME280;16920;57.07200000;-2.79700000;2019-10-06T19:02:21;100234.30;;;6.88;93.97
30105;BME280;16920;57.07200000;-2.79700000;2019-10-06T19:04:50;100238.38;;;6.88;93.96
30105;BME280;16920;57.07200000;-2.79700000;2019-10-06T19:07:18;100231.72;;;6.82;93.95
30105;BME280;16920;57.07200000;-2.79700000;2019-10-06T19:09:47;100227.82;;;6.78;94.00
30105;BME280;16920;57.07200000;-2.79700000;2019-10-06T19:12:15;100215.84;;;6.79;94.25
30105;BME280;16920;57.07200000;-2.79700000;2019-10-06T19:14:44;100218.05;;;6.79;94.27
30105;BME280;16920;57.07200000;-2.79700000;2019-10-06T19:17:12;100221.69;;;6.97;94.77
30105;BME280;16920;57.07200000;-2.79700000;2019-10-06T19:19:41;100226.02;;;6.95;94.52
30105;BME280;16920;57.07200000;-2.79700000;2019-10-06T19:22:09;100221.69;;;6.97;94.59
30105;BME280;16920;57.07200000;-2.79700000;2019-10-06T19:24:38;100227.07;;;6.94;94.55
30105;BME280;16920;57.07200000;-2.79700000;2019-10-06T19:27:06;100213.83;;;6.98;94.69
30105;BME280;16920;57.07200000;-2.79700000;2019-10-06T19:29:35;100219.66;;;7.04;94.76
30105;BME280;16920;57.07200000;-2.79700000;2019-10-06T19:32:03;100215.78;;;7.14;94.79
30105;BME280;16920;57.07200000;-2.79700000;2019-10-06T19:34:32;100218.51;;;7.14;94.70
30105;BME280;16920;57.07200000;-2.79700000;2019-10-06T19:37:01;100212.97;;;7.09;94.59
30105;BME280;16920;57.07200000;-2.79700000;2019-10-06T19:39:29;100209.95;;;7.08;94.52
30105;BME280;16920;57.07200000;-2.79700000;2019-10-06T19:41:58;100215.40;;;7.08;94.63
30105;BME280;16920;57.07200000;-2.79700000;2019-10-06T19:44:26;100212.58;;;7.17;94.93
30105;BME280;16920;57.07200000;-2.79700000;2019-10-06T19:46:55;100202.34;;;7.22;94.97
30105;BME280;16920;57.07200000;-2.79700000;2019-10-06T19:49:23;100205.51;;;7.31;94.91
30105;BME280;16920;57.07200000;-2.79700000;2019-10-06T19:51:52;100201.99;;;7.33;94.80
30105;BME280;16920;57.07200000;-2.79700000;2019-10-06T19:54:20;100192.76;;;7.34;94.71
30105;BME280;16920;57.07200000;-2.79700000;2019-10-06T19:56:49;100202.41;;;7.53;94.91
30105;BME280;16920;57.07200000;-2.79700000;2019-10-06T19:59:17;100201.37;;;7.57;94.90
30105;BME280;16920;57.07200000;-2.79700000;2019-10-06T20:01:46;100192.23;;;7.63;94.85
30105;BME280;16920;57.07200000;-2.79700000;2019-10-06T20:04:14;100191.89;;;7.91;94.08
30105;BME280;16920;57.07200000;-2.79700000;2019-10-06T20:06:43;100201.48;;;7.93;93.85
30105;BME280;16920;57.07200000;-2.79700000;2019-10-06T20:09:11;100205.03;;;7.94;93.74
30105;BME280;16920;57.07200000;-2.79700000;2019-10-06T20:11:40;100210.08;;;8.02;93.33
30105;BME280;16920;57.07200000;-2.79700000;2019-10-06T20:14:08;100207.11;;;8.04;92.90
30105;BME280;16920;57.07200000;-2.79700000;2019-10-06T20:16:37;100202.81;;;8.08;92.77
30105;BME280;16920;57.07200000;-2.79700000;2019-10-06T20:19:05;100201.05;;;8.16;92.55
30105;BME280;16920;57.07200000;-2.79700000;2019-10-06T20:21:34;100206.00;;;8.36;91.67
30105;BME280;16920;57.07200000;-2.79700000;2019-10-06T20:24:03;100197.61;;;8.40;91.28
30105;BME280;16920;57.07200000;-2.79700000;2019-10-06T20:26:31;100190.23;;;8.41;91.05
30105;BME280;16920;57.07200000;-2.79700000;2019-10-06T20:29:00;100187.21;;;8.40;91.05
30105;BME280;16920;57.07200000;-2.79700000;2019-10-06T20:31:28;100192.97;;;8.41;90.92
30105;BME280;16920;57.07200000;-2.79700000;2019-10-06T20:33:57;100183.23;;;8.45;90.59
30105;BME280;16920;57.07200000;-2.79700000;2019-10-06T20:36:25;100174.55;;;8.48;90.24
30105;BME280;16920;57.07200000;-2.79700000;2019-10-06T20:38:54;100175.36;;;8.48;90.01
30105;BME280;16920;57.07200000;-2.79700000;2019-10-06T20:41:23;100176.98;;;8.47;89.94
30105;BME280;16920;57.07200000;-2.79700000;2019-10-06T20:43:51;100187.38;;;8.47;89.89
30105;BME280;16920;57.07200000;-2.79700000;2019-10-06T20:46:19;100185.76;;;8.49;89.67
30105;BME280;16920;57.07200000;-2.79700000;2019-10-06T20:48:48;100182.27;;;8.54;89.51
30105;BME280;16920;57.07200000;-2.79700000;2019-10-06T20:51:16;100174.86;;;8.71;88.43
30105;BME280;16920;57.07200000;-2.79700000;2019-10-06T20:53:45;100177.55;;;8.69;87.64
30105;BME280;16920;57.07200000;-2.79700000;2019-10-06T20:56:13;100168.20;;;8.62;87.50
30105;BME280;16920;57.07200000;-2.79700000;2019-10-06T20:58:42;100168.97;;;8.60;87.69
30105;BME280;16920;57.07200000;-2.79700000;2019-10-06T21:01:10;100176.95;;;8.64;86.79
30105;BME280;16920;57.07200000;-2.79700000;2019-10-06T21:03:39;100189.63;;;8.73;86.54
30105;BME280;16920;57.07200000;-2.79700000;2019-10-06T21:06:07;100182.37;;;8.61;86.84
30105;BME280;16920;57.07200000;-2.79700000;2019-10-06T21:08:36;100176.99;;;8.67;86.89
30105;BME280;16920;57.07200000;-2.79700000;2019-10-06T21:11:04;100181.09;;;8.67;87.11
30105;BME280;16920;57.07200000;-2.79700000;2019-10-06T21:13:33;100173.50;;;8.71;86.85
30105;BME280;16920;57.07200000;-2.79700000;2019-10-06T21:16:02;100178.91;;;8.69;87.12
30105;BME280;16920;57.07200000;-2.79700000;2019-10-06T21:18:31;100174.81;;;8.66;86.89
30105;BME280;16920;57.07200000;-2.79700000;2019-10-06T21:20:59;100165.91;;;8.76;85.88
30105;BME280;16920;57.07200000;-2.79700000;2019-10-06T21:23:28;100160.74;;;8.77;85.81
30105;BME280;16920;57.07200000;-2.79700000;2019-10-06T21:25:56;100154.34;;;8.66;86.10
30105;BME280;16920;57.07200000;-2.79700000;2019-10-06T21:28:25;100149.91;;;8.62;86.46
30105;BME280;16920;57.07200000;-2.79700000;2019-10-06T21:30:53;100130.59;;;8.67;86.37
30105;BME280;16920;57.07200000;-2.79700000;2019-10-06T21:33:24;100124.48;;;8.59;86.74
30105;BME280;16920;57.07200000;-2.79700000;2019-10-06T21:35:53;100119.33;;;8.63;86.54
30105;BME280;16920;57.07200000;-2.79700000;2019-10-06T21:38:21;100141.58;;;8.72;86.10
30105;BME280;16920;57.07200000;-2.79700000;2019-10-06T21:40:50;100146.02;;;8.78;85.84
30105;BME280;16920;57.07200000;-2.79700000;2019-10-06T21:43:18;100145.43;;;8.76;85.88
30105;BME280;16920;57.07200000;-2.79700000;2019-10-06T21:45:49;100138.86;;;8.74;85.81
30105;BME280;16920;57.07200000;-2.79700000;2019-10-06T21:48:17;100153.83;;;8.69;85.96
30105;BME280;16920;57.07200000;-2.79700000;2019-10-06T21:50:46;100154.17;;;8.75;85.44
30105;BME280;16920;57.07200000;-2.79700000;2019-10-06T21:53:14;100139.75;;;8.77;85.18
30105;BME280;16920;57.07200000;-2.79700000;2019-10-06T21:55:44;100142.78;;;8.81;85.47
30105;BME280;16920;57.07200000;-2.79700000;2019-10-06T21:58:13;100150.58;;;8.94;84.90
30105;BME280;16920;57.07200000;-2.79700000;2019-10-06T22:03:36;100135.16;;;9.05;83.34
30105;BME280;16920;57.07200000;-2.79700000;2019-10-06T22:06:00;100136.38;;;9.17;82.42
30105;BME280;16920;57.07200000;-2.79700000;2019-10-06T22:08:29;100127.36;;;9.16;82.43
30105;BME280;16920;57.07200000;-2.79700000;2019-10-06T22:10:58;100130.58;;;9.11;83.00
30105;BME280;16920;57.07200000;-2.79700000;2019-10-06T22:13:26;100139.73;;;9.24;82.64
30105;BME280;16920;57.07200000;-2.79700000;2019-10-06T22:15:55;100131.83;;;9.25;82.08
30105;BME280;16920;57.07200000;-2.79700000;2019-10-06T22:18:24;100145.81;;;9.29;82.00
30105;BME280;16920;57.07200000;-2.79700000;2019-10-06T22:20:52;100136.77;;;9.28;82.17
30105;BME280;16920;57.07200000;-2.79700000;2019-10-06T22:23:21;100143.56;;;9.23;82.42
30105;BME280;16920;57.07200000;-2.79700000;2019-10-06T22:25:49;100141.16;;;9.29;82.29
30105;BME280;16920;57.07200000;-2.79700000;2019-10-06T22:28:18;100156.81;;;9.37;81.69
30105;BME280;16920;57.07200000;-2.79700000;2019-10-06T22:30:47;100159.84;;;9.38;81.54
30105;BME280;16920;57.07200000;-2.79700000;2019-10-06T22:33:15;100155.52;;;9.42;81.69
30105;BME280;16920;57.07200000;-2.79700000;2019-10-06T22:35:44;100137.98;;;9.38;81.49
30105;BME280;16920;57.07200000;-2.79700000;2019-10-06T22:38:12;100135.63;;;9.49;81.13
30105;BME280;16920;57.07200000;-2.79700000;2019-10-06T22:40:41;100136.88;;;9.39;81.56
30105;BME280;16920;57.07200000;-2.79700000;2019-10-06T22:43:09;100137.26;;;9.47;80.73
30105;BME280;16920;57.07200000;-2.79700000;2019-10-06T22:45:38;100145.75;;;9.51;80.96
30105;BME280;16920;57.07200000;-2.79700000;2019-10-06T22:48:07;100160.20;;;9.46;81.13
30105;BME280;16920;57.07200000;-2.79700000;2019-10-06T22:50:36;100155.77;;;9.43;81.52
30105;BME280;16920;57.07200000;-2.79700000;2019-10-06T22:53:05;100159.09;;;9.45;81.05
30105;BME280;16920;57.07200000;-2.79700000;2019-10-06T22:55:33;100162.16;;;9.51;80.96
30105;BME280;16920;57.07200000;-2.79700000;2019-10-06T22:58:02;100159.71;;;9.52;80.71
30105;BME280;16920;57.07200000;-2.79700000;2019-10-06T23:00:30;100151.73;;;9.48;80.91
30105;BME280;16920;57.07200000;-2.79700000;2019-10-06T23:02:59;100159.61;;;9.44;81.62
30105;BME280;16920;57.07200000;-2.79700000;2019-10-06T23:05:28;100135.95;;;9.55;80.15
30105;BME280;16920;57.07200000;-2.79700000;2019-10-06T23:07:56;100148.81;;;9.57;80.51
30105;BME280;16920;57.07200000;-2.79700000;2019-10-06T23:10:25;100130.42;;;9.50;80.61
30105;BME280;16920;57.07200000;-2.79700000;2019-10-06T23:12:53;100124.67;;;9.46;81.11
30105;BME280;16920;57.07200000;-2.79700000;2019-10-06T23:15:36;100112.63;;;9.45;81.27
30105;BME280;16920;57.07200000;-2.79700000;2019-10-06T23:18:07;100103.15;;;9.55;80.25
30105;BME280;16920;57.07200000;-2.79700000;2019-10-06T23:20:36;100102.77;;;9.44;80.91
30105;BME280;16920;57.07200000;-2.79700000;2019-10-06T23:23:06;100091.80;;;9.41;81.26
30105;BME280;16920;57.07200000;-2.79700000;2019-10-06T23:25:35;100071.37;;;9.46;80.98
30105;BME280;16920;57.07200000;-2.79700000;2019-10-06T23:28:05;100090.18;;;9.43;81.15
30105;BME280;16920;57.07200000;-2.79700000;2019-10-06T23:30:34;100078.70;;;9.41;81.36
30105;BME280;16920;57.07200000;-2.79700000;2019-10-06T23:33:05;100072.70;;;9.44;81.05
30105;BME280;16920;57.07200000;-2.79700000;2019-10-06T23:35:34;100067.61;;;9.55;80.22
30105;BME280;16920;57.07200000;-2.79700000;2019-10-06T23:38:03;100066.91;;;9.67;79.53
30105;BME280;16920;57.07200000;-2.79700000;2019-10-06T23:40:32;100078.61;;;9.60;80.14
30105;BME280;16920;57.07200000;-2.79700000;2019-10-06T23:43:01;100086.28;;;9.63;80.38
30105;BME280;16920;57.07200000;-2.79700000;2019-10-06T23:45:30;100086.22;;;9.58;80.28
30105;BME280;16920;57.07200000;-2.79700000;2019-10-06T23:47:58;100087.03;;;9.59;80.44
30105;BME280;16920;57.07200000;-2.79700000;2019-10-06T23:50:27;100075.00;;;9.55;80.32
30105;BME280;16920;57.07200000;-2.79700000;2019-10-06T23:52:55;100063.80;;;9.56;80.19
30105;BME280;16920;57.07200000;-2.79700000;2019-10-06T23:55:24;100037.02;;;9.58;79.44
30105;BME280;16920;57.07200000;-2.79700000;2019-10-06T23:57:53;100042.19;;;9.57;79.96
