sensor_id;sensor_type;location;lat;lon;timestamp;P1;durP1;ratioP1;P2;durP2;ratioP2
30104;SDS011;16920;57.07200000;-2.79700000;2019-10-06T00:00:12;3.55;;;1.70;;
30104;SDS011;16920;57.07200000;-2.79700000;2019-10-06T00:02:39;2.45;;;1.42;;
30104;SDS011;16920;57.07200000;-2.79700000;2019-10-06T00:05:08;1.60;;;1.35;;
30104;SDS011;16920;57.07200000;-2.79700000;2019-10-06T00:07:36;1.50;;;1.40;;
30104;SDS011;16920;57.07200000;-2.79700000;2019-10-06T00:10:06;2.52;;;1.72;;
30104;SDS011;16920;57.07200000;-2.79700000;2019-10-06T00:12:35;2.55;;;1.50;;
30104;SDS011;16920;57.07200000;-2.79700000;2019-10-06T00:15:04;4.28;;;2.02;;
30104;SDS011;16920;57.07200000;-2.79700000;2019-10-06T00:17:33;1.65;;;1.30;;
30104;SDS011;16920;57.07200000;-2.79700000;2019-10-06T00:20:02;2.10;;;1.25;;
30104;SDS011;16920;57.07200000;-2.79700000;2019-10-06T00:22:31;2.20;;;1.67;;
30104;SDS011;16920;57.07200000;-2.79700000;2019-10-06T00:25:00;2.12;;;1.35;;
30104;SDS011;16920;57.07200000;-2.79700000;2019-10-06T00:27:29;4.62;;;1.40;;
30104;SDS011;16920;57.07200000;-2.79700000;2019-10-06T00:29:57;1.98;;;1.60;;
30104;SDS011;16920;57.07200000;-2.79700000;2019-10-06T00:32:26;5.15;;;1.05;;
30104;SDS011;16920;57.07200000;-2.79700000;2019-10-06T00:34:55;3.90;;;1.47;;
30104;SDS011;16920;57.07200000;-2.79700000;2019-10-06T00:37:24;2.95;;;1.37;;
30104;SDS011;16920;57.07200000;-2.79700000;2019-10-06T00:39:52;2.35;;;1.10;;
30104;SDS011;16920;57.07200000;-2.79700000;2019-10-06T00:42:21;1.02;;;1.00;;
30104;SDS011;16920;57.07200000;-2.79700000;2019-10-06T00:44:49;1.20;;;0.85;;
30104;SDS011;16920;57.07200000;-2.79700000;2019-10-06T00:53:39;1.98;;;1.20;;
30104;SDS011;16920;57.07200000;-2.79700000;2019-10-06T00:56:00;2.35;;;1.87;;
30104;SDS011;16920;57.07200000;-2.79700000;2019-10-06T01:01:21;3.37;;;1.77;;
30104;SDS011;16920;57.07200000;-2.79700000;2019-10-06T01:04:04;10.80;;;3.80;;
30104;SDS011;16920;57.07200000;-2.79700000;2019-10-06T01:09:13;10.53;;;4.12;;
30104;SDS011;16920;57.07200000;-2.79700000;2019-10-06T01:11:43;11.53;;;5.03;;
30104;SDS011;16920;57.07200000;-2.79700000;2019-10-06T01:14:12;15.48;;;5.45;;
30104;SDS011;16920;57.07200000;-2.79700000;2019-10-06T01:16:40;13.15;;;4.65;;
30104;SDS011;16920;57.07200000;-2.79700000;2019-10-06T01:19:09;13.72;;;5.58;;
30104;SDS011;16920;57.07200000;-2.79700000;2019-10-06T01:21:37;16.87;;;5.42;;
30104;SDS011;16920;57.07200000;-2.79700000;2019-10-06T01:24:06;40.03;;;11.83;;
30104;SDS011;16920;57.07200000;-2.79700000;2019-10-06T01:26:34;15.83;;;5.58;;
30104;SDS011;16920;57.07200000;-2.79700000;2019-10-06T01:29:03;14.80;;;3.85;;
30104;SDS011;16920;57.07200000;-2.79700000;2019-10-06T01:31:31;10.85;;;4.50;;
30104;SDS011;16920;57.07200000;-2.79700000;2019-10-06T01:34:00;23.02;;;8.50;;
30104;SDS011;16920;57.07200000;-2.79700000;2019-10-06T01:36:28;9.10;;;3.37;;
30104;SDS011;16920;57.07200000;-2.79700000;2019-10-06T01:38:57;5.92;;;3.42;;
30104;SDS011;16920;57.07200000;-2.79700000;2019-10-06T01:41:25;9.20;;;3.40;;
30104;SDS011;16920;57.07200000;-2.79700000;2019-10-06T01:43:54;7.12;;;2.50;;
30104;SDS011;16920;57.07200000;-2.79700000;2019-10-06T01:46:22;11.57;;;4.75;;
30104;SDS011;16920;57.07200000;-2.79700000;2019-10-06T01:48:51;11.38;;;3.33;;
30104;SDS011;16920;57.07200000;-2.79700000;2019-10-06T01:51:19;7.12;;;3.83;;
30104;SDS011;16920;57.07200000;-2.79700000;2019-10-06T01:53:48;11.08;;;4.65;;
30104;SDS011;16920;57.07200000;-2.79700000;2019-10-06T01:56:16;7.83;;;3.42;;
30104;SDS011;16920;57.07200000;-2.79700000;2019-10-06T01:58:45;14.10;;;7.25;;
30104;SDS011;16920;57.07200000;-2.79700000;2019-10-06T02:01:13;9.95;;;4.08;;
30104;SDS011;16920;57.07200000;-2.79700000;2019-10-06T02:06:23;8.40;;;2.60;;
30104;SDS011;16920;57.07200000;-2.79700000;2019-10-06T02:08:52;6.83;;;2.72;;
30104;SDS011;16920;57.07200000;-2.79700000;2019-10-06T02:11:20;7.62;;;3.40;;
30104;SDS011;16920;57.07200000;-2.79700000;2019-10-06T02:13:49;9.68;;;3.83;;
30104;SDS011;16920;57.07200000;-2.79700000;2019-10-06T02:16:17;9.43;;;3.12;;
30104;SDS011;16920;57.07200000;-2.79700000;2019-10-06T02:18:46;6.53;;;2.00;;
30104;SDS011;16920;57.07200000;-2.79700000;2019-10-06T02:21:14;4.87;;;2.35;;
30104;SDS011;16920;57.07200000;-2.79700000;2019-10-06T02:23:43;8.93;;;2.08;;
30104;SDS011;16920;57.07200000;-2.79700000;2019-10-06T02:26:11;12.47;;;4.45;;
30104;SDS011;16920;57.07200000;-2.79700000;2019-10-06T02:28:40;11.65;;;3.33;;
30104;SDS011;16920;57.07200000;-2.79700000;2019-10-06T02:31:08;16.62;;;6.45;;
30104;SDS011;16920;57.07200000;-2.79700000;2019-10-06T02:33:37;6.17;;;2.83;;
30104;SDS011;16920;57.07200000;-2.79700000;2019-10-06T02:36:05;10.53;;;3.90;;
30104;SDS011;16920;57.07200000;-2.79700000;2019-10-06T02:38:33;6.90;;;2.12;;
30104;SDS011;16920;57.07200000;-2.79700000;2019-10-06T02:41:02;6.80;;;1.65;;
30104;SDS011;16920;57.07200000;-2.79700000;2019-10-06T02:43:30;4.47;;;2.08;;
30104;SDS011;16920;57.07200000;-2.79700000;2019-10-06T02:45:59;4.35;;;1.77;;
30104;SDS011;16920;57.07200000;-2.79700000;2019-10-06T02:48:29;7.45;;;2.60;;
30104;SDS011;16920;57.07200000;-2.79700000;2019-10-06T02:50:58;6.92;;;1.82;;
30104;SDS011;16920;57.07200000;-2.79700000;2019-10-06T02:53:28;3.50;;;1.80;;
30104;SDS011;16920;57.07200000;-2.79700000;2019-10-06T02:55:57;4.45;;;1.45;;
30104;SDS011;16920;57.07200000;-2.79700000;2019-10-06T02:58:27;6.60;;;1.60;;
30104;SDS011;16920;57.07200000;-2.79700000;2019-10-06T03:00:55;5.45;;;1.90;;
30104;SDS011;16920;57.07200000;-2.79700000;2019-10-06T03:03:24;4.67;;;1.90;;
30104;SDS011;16920;57.07200000;-2.79700000;2019-10-06T03:05:52;2.95;;;1.20;;
30104;SDS011;16920;57.07200000;-2.79700000;2019-10-06T03:08:21;5.15;;;1.65;;
30104;SDS011;16920;57.07200000;-2.79700000;2019-10-06T03:10:49;3.70;;;1.62;;
30104;SDS011;16920;57.07200000;-2.79700000;2019-10-06T03:13:18;5.75;;;2.27;;
30104;SDS011;16920;57.07200000;-2.79700000;2019-10-06T03:15:46;2.85;;;1.95;;
30104;SDS011;16920;57.07200000;-2.79700000;2019-10-06T03:18:15;3.85;;;2.05;;
30104;SDS011;16920;57.07200000;-2.79700000;2019-10-06T03:20:43;4.60;;;1.52;;
30104;SDS011;16920;57.07200000;-2.79700000;2019-10-06T03:23:12;4.20;;;1.50;;
30104;SDS011;16920;57.07200000;-2.79700000;2019-10-06T03:25:42;3.02;;;1.35;;
30104;SDS011;16920;57.07200000;-2.79700000;2019-10-06T03:28:10;2.42;;;1.40;;
30104;SDS011;16920;57.07200000;-2.79700000;2019-10-06T03:30:41;2.55;;;1.00;;
30104;SDS011;16920;57.07200000;-2.79700000;2019-10-06T03:33:09;6.15;;;1.72;;
30104;SDS011;16920;57.07200000;-2.79700000;2019-10-06T03:55:56;3.75;;;1.07;;
30104;SDS011;16920;57.07200000;-2.79700000;2019-10-06T03:58:25;8.93;;;2.35;;
30104;SDS011;16920;57.07200000;-2.79700000;2019-10-06T04:00:53;2.65;;;1.20;;
30104;SDS011;16920;57.07200000;-2.79700000;2019-10-06T04:03:22;3.55;;;1.55;;
30104;SDS011;16920;57.07200000;-2.79700000;2019-10-06T04:05:51;4.90;;;1.92;;
30104;SDS011;16920;57.07200000;-2.79700000;2019-10-06T04:08:19;1.55;;;1.10;;
30104;SDS011;16920;57.07200000;-2.79700000;2019-10-06T04:10:48;2.45;;;1.30;;
30104;SDS011;16920;57.07200000;-2.79700000;2019-10-06T04:13:16;2.87;;;1.12;;
30104;SDS011;16920;57.07200000;-2.79700000;2019-10-06T04:18:46;3.45;;;0.85;;
30104;SDS011;16920;57.07200000;-2.79700000;2019-10-06T04:21:16;4.65;;;1.50;;
30104;SDS011;16920;57.07200000;-2.79700000;2019-10-06T04:23:44;3.42;;;1.55;;
30104;SDS011;16920;57.07200000;-2.79700000;2019-10-06T04:26:13;2.22;;;1.50;;
30104;SDS011;16920;57.07200000;-2.79700000;2019-10-06T04:28:41;3.12;;;1.12;;
30104;SDS011;16920;57.07200000;-2.79700000;2019-10-06T04:31:10;1.70;;;1.07;;
30104;SDS011;16920;57.07200000;-2.79700000;2019-10-06T04:33:38;2.65;;;1.52;;
30104;SDS011;16920;57.07200000;-2.79700000;2019-10-06T04:36:07;3.47;;;1.60;;
30104;SDS011;16920;57.07200000;-2.79700000;2019-10-06T04:38:35;2.98;;;1.50;;
30104;SDS011;16920;57.07200000;-2.79700000;2019-10-06T04:41:04;5.90;;;2.12;;
30104;SDS011;16920;57.07200000;-2.79700000;2019-10-06T04:43:32;2.37;;;1.67;;
30104;SDS011;16920;57.07200000;-2.79700000;2019-10-06T04:46:01;3.33;;;1.57;;
30104;SDS011;16920;57.07200000;-2.79700000;2019-10-06T04:48:29;3.83;;;1.52;;
30104;SDS011;16920;57.07200000;-2.79700000;2019-10-06T04:50:58;3.75;;;1.77;;
30104;SDS011;16920;57.07200000;-2.79700000;2019-10-06T04:53:26;6.50;;;1.87;;
30104;SDS011;16920;57.07200000;-2.79700000;2019-10-06T04:55:55;2.67;;;1.50;;
30104;SDS011;16920;57.07200000;-2.79700000;2019-10-06T04:58:23;2.12;;;1.15;;
30104;SDS011;16920;57.07200000;-2.79700000;2019-10-06T05:00:52;1.52;;;1.10;;
30104;SDS011;16920;57.07200000;-2.79700000;2019-10-06T05:03:21;1.62;;;1.00;;
30104;SDS011;16920;57.07200000;-2.79700000;2019-10-06T05:05:50;3.08;;;1.67;;
30104;SDS011;16920;57.07200000;-2.79700000;2019-10-06T05:08:18;3.65;;;1.45;;
30104;SDS011;16920;57.07200000;-2.79700000;2019-10-06T05:10:48;1.55;;;1.00;;
30104;SDS011;16920;57.07200000;-2.79700000;2019-10-06T05:13:18;6.03;;;1.60;;
30104;SDS011;16920;57.07200000;-2.79700000;2019-10-06T05:15:47;4.17;;;1.57;;
30104;SDS011;16920;57.07200000;-2.79700000;2019-10-06T05:18:16;1.85;;;1.05;;
30104;SDS011;16920;57.07200000;-2.79700000;2019-10-06T05:20:46;3.65;;;1.42;;
30104;SDS011;16920;57.07200000;-2.79700000;2019-10-06T05:23:14;3.65;;;1.90;;
30104;SDS011;16920;57.07200000;-2.79700000;2019-10-06T05:25:43;3.22;;;1.45;;
30104;SDS011;16920;57.07200000;-2.79700000;2019-10-06T05:28:11;4.15;;;1.98;;
30104;SDS011;16920;57.07200000;-2.79700000;2019-10-06T05:30:40;4.80;;;1.55;;
30104;SDS011;16920;57.07200000;-2.79700000;2019-10-06T05:33:08;5.12;;;2.83;;
30104;SDS011;16920;57.07200000;-2.79700000;2019-10-06T05:35:37;6.60;;;2.40;;
30104;SDS011;16920;57.07200000;-2.79700000;2019-10-06T05:38:05;4.35;;;1.77;;
30104;SDS011;16920;57.07200000;-2.79700000;2019-10-06T05:40:34;7.75;;;1.80;;
30104;SDS011;16920;57.07200000;-2.79700000;2019-10-06T05:43:02;4.30;;;2.25;;
30104;SDS011;16920;57.07200000;-2.79700000;2019-10-06T05:45:32;9.43;;;2.33;;
30104;SDS011;16920;57.07200000;-2.79700000;2019-10-06T05:48:08;9.45;;;3.42;;
30104;SDS011;16920;57.07200000;-2.79700000;2019-10-06T05:50:38;4.22;;;2.35;;
30104;SDS011;16920;57.07200000;-2.79700000;2019-10-06T05:53:14;4.47;;;2.30;;
30104;SDS011;16920;57.07200000;-2.79700000;2019-10-06T05:55:43;5.55;;;2.70;;
30104;SDS011;16920;57.07200000;-2.79700000;2019-10-06T05:58:12;3.02;;;1.80;;
30104;SDS011;16920;57.07200000;-2.79700000;2019-10-06T06:00:40;3.67;;;1.98;;
30104;SDS011;16920;57.07200000;-2.79700000;2019-10-06T06:03:09;1.82;;;1.65;;
30104;SDS011;16920;57.07200000;-2.79700000;2019-10-06T06:05:37;2.95;;;1.65;;
30104;SDS011;16920;57.07200000;-2.79700000;2019-10-06T06:08:06;3.47;;;1.80;;
30104;SDS011;16920;57.07200000;-2.79700000;2019-10-06T06:10:34;5.15;;;1.37;;
30104;SDS011;16920;57.07200000;-2.79700000;2019-10-06T06:13:03;3.67;;;1.47;;
30104;SDS011;16920;57.07200000;-2.79700000;2019-10-06T06:15:32;2.20;;;1.32;;
30104;SDS011;16920;57.07200000;-2.79700000;2019-10-06T06:18:01;2.70;;;1.57;;
30104;SDS011;16920;57.07200000;-2.79700000;2019-10-06T06:20:30;2.52;;;1.25;;
30104;SDS011;16920;57.07200000;-2.79700000;2019-10-06T06:22:59;2.15;;;1.12;;
30104;SDS011;16920;57.07200000;-2.79700000;2019-10-06T06:25:27;1.67;;;1.00;;
30104;SDS011;16920;57.07200000;-2.79700000;2019-10-06T06:27:56;1.40;;;1.20;;
30104;SDS011;16920;57.07200000;-2.79700000;2019-10-06T06:30:25;3.47;;;1.22;;
30104;SDS011;16920;57.07200000;-2.79700000;2019-10-06T06:32:54;2.83;;;2.00;;
30104;SDS011;16920;57.07200000;-2.79700000;2019-10-06T06:35:25;4.40;;;1.25;;
30104;SDS011;16920;57.07200000;-2.79700000;2019-10-06T06:37:54;6.70;;;3.42;;
30104;SDS011;16920;57.07200000;-2.79700000;2019-10-06T06:40:22;2.05;;;1.40;;
30104;SDS011;16920;57.07200000;-2.79700000;2019-10-06T06:42:51;2.02;;;1.80;;
30104;SDS011;16920;57.07200000;-2.79700000;2019-10-06T06:45:20;4.30;;;1.70;;
30104;SDS011;16920;57.07200000;-2.79700000;2019-10-06T06:47:50;3.12;;;2.80;;
30104;SDS011;16920;57.07200000;-2.79700000;2019-10-06T06:50:19;4.10;;;2.60;;
30104;SDS011;16920;57.07200000;-2.79700000;2019-10-06T06:52:49;3.75;;;2.60;;
30104;SDS011;16920;57.07200000;-2.79700000;2019-10-06T06:55:18;2.25;;;2.05;;
30104;SDS011;16920;57.07200000;-2.79700000;2019-10-06T06:57:47;2.70;;;2.50;;
30104;SDS011;16920;57.07200000;-2.79700000;2019-10-06T07:00:17;2.72;;;1.60;;
30104;SDS011;16920;57.07200000;-2.79700000;2019-10-06T07:02:46;2.80;;;2.27;;
30104;SDS011;16920;57.07200000;-2.79700000;2019-10-06T07:05:16;8.15;;;2.98;;
30104;SDS011;16920;57.07200000;-2.79700000;2019-10-06T07:07:45;5.03;;;2.60;;
30104;SDS011;16920;57.07200000;-2.79700000;2019-10-06T07:10:14;3.83;;;2.67;;
30104;SDS011;16920;57.07200000;-2.79700000;2019-10-06T07:12:43;6.00;;;3.67;;
30104;SDS011;16920;57.07200000;-2.79700000;2019-10-06T07:15:11;9.58;;;4.60;;
30104;SDS011;16920;57.07200000;-2.79700000;2019-10-06T07:17:43;4.33;;;2.35;;
30104;SDS011;16920;57.07200000;-2.79700000;2019-10-06T07:20:12;7.10;;;4.03;;
30104;SDS011;16920;57.07200000;-2.79700000;2019-10-06T07:22:41;8.00;;;4.33;;
30104;SDS011;16920;57.07200000;-2.79700000;2019-10-06T07:25:11;3.85;;;2.67;;
30104;SDS011;16920;57.07200000;-2.79700000;2019-10-06T07:27:40;7.95;;;2.10;;
30104;SDS011;16920;57.07200000;-2.79700000;2019-10-06T07:30:09;2.05;;;1.60;;
30104;SDS011;16920;57.07200000;-2.79700000;2019-10-06T07:32:39;4.03;;;2.08;;
30104;SDS011;16920;57.07200000;-2.79700000;2019-10-06T07:35:08;3.08;;;1.40;;
30104;SDS011;16920;57.07200000;-2.79700000;2019-10-06T07:37:41;3.85;;;2.35;;
30104;SDS011;16920;57.07200000;-2.79700000;2019-10-06T07:40:10;3.58;;;1.77;;
30104;SDS011;16920;57.07200000;-2.79700000;2019-10-06T07:42:39;2.35;;;1.60;;
30104;SDS011;16920;57.07200000;-2.79700000;2019-10-06T07:45:08;2.62;;;1.70;;
30104;SDS011;16920;57.07200000;-2.79700000;2019-10-06T07:47:37;1.87;;;1.60;;
30104;SDS011;16920;57.07200000;-2.79700000;2019-10-06T07:50:06;3.62;;;1.65;;
30104;SDS011;16920;57.07200000;-2.79700000;2019-10-06T07:52:35;5.08;;;2.40;;
30104;SDS011;16920;57.07200000;-2.79700000;2019-10-06T07:55:04;3.87;;;1.80;;
30104;SDS011;16920;57.07200000;-2.79700000;2019-10-06T07:57:34;4.47;;;2.15;;
30104;SDS011;16920;57.07200000;-2.79700000;2019-10-06T08:00:12;5.28;;;2.83;;
30104;SDS011;16920;57.07200000;-2.79700000;2019-10-06T08:02:36;5.12;;;3.10;;
30104;SDS011;16920;57.07200000;-2.79700000;2019-10-06T08:05:06;7.37;;;4.10;;
30104;SDS011;16920;57.07200000;-2.79700000;2019-10-06T08:07:35;2.95;;;2.10;;
30104;SDS011;16920;57.07200000;-2.79700000;2019-10-06T08:10:04;3.08;;;2.22;;
30104;SDS011;16920;57.07200000;-2.79700000;2019-10-06T08:12:33;7.75;;;4.25;;
30104;SDS011;16920;57.07200000;-2.79700000;2019-10-06T08:15:06;2.62;;;1.82;;
30104;SDS011;16920;57.07200000;-2.79700000;2019-10-06T08:17:36;3.22;;;2.08;;
30104;SDS011;16920;57.07200000;-2.79700000;2019-10-06T08:20:05;4.37;;;1.98;;
30104;SDS011;16920;57.07200000;-2.79700000;2019-10-06T08:22:35;4.12;;;1.72;;
30104;SDS011;16920;57.07200000;-2.79700000;2019-10-06T08:25:04;2.17;;;1.77;;
30104;SDS011;16920;57.07200000;-2.79700000;2019-10-06T08:27:34;3.58;;;2.02;;
30104;SDS011;16920;57.07200000;-2.79700000;2019-10-06T08:30:09;6.30;;;2.50;;
30104;SDS011;16920;57.07200000;-2.79700000;2019-10-06T08:32:32;2.98;;;1.35;;
30104;SDS011;16920;57.07200000;-2.79700000;2019-10-06T08:35:02;2.12;;;1.17;;
30104;SDS011;16920;57.07200000;-2.79700000;2019-10-06T08:37:31;4.50;;;3.52;;
30104;SDS011;16920;57.07200000;-2.79700000;2019-10-06T08:39:59;4.90;;;2.40;;
30104;SDS011;16920;57.07200000;-2.79700000;2019-10-06T08:42:28;1.90;;;1.80;;
30104;SDS011;16920;57.07200000;-2.79700000;2019-10-06T08:44:56;5.75;;;2.42;;
30104;SDS011;16920;57.07200000;-2.79700000;2019-10-06T08:47:25;5.80;;;2.80;;
30104;SDS011;16920;57.07200000;-2.79700000;2019-10-06T08:49:53;3.00;;;2.08;;
30104;SDS011;16920;57.07200000;-2.79700000;2019-10-06T08:52:22;3.27;;;2.67;;
30104;SDS011;16920;57.07200000;-2.79700000;2019-10-06T08:54:50;2.33;;;1.87;;
30104;SDS011;16920;57.07200000;-2.79700000;2019-10-06T08:57:19;1.82;;;1.55;;
30104;SDS011;16920;57.07200000;-2.79700000;2019-10-06T08:59:47;3.35;;;2.50;;
30104;SDS011;16920;57.07200000;-2.79700000;2019-10-06T09:02:16;3.02;;;1.85;;
30104;SDS011;16920;57.07200000;-2.79700000;2019-10-06T09:07:16;27.15;;;13.65;;
30104;SDS011;16920;57.07200000;-2.79700000;2019-10-06T09:09:44;126.97;;;58.68;;
30104;SDS011;16920;57.07200000;-2.79700000;2019-10-06T09:12:13;97.67;;;41.53;;
30104;SDS011;16920;57.07200000;-2.79700000;2019-10-06T09:14:43;73.87;;;28.55;;
30104;SDS011;16920;57.07200000;-2.79700000;2019-10-06T09:17:12;60.28;;;26.05;;
30104;SDS011;16920;57.07200000;-2.79700000;2019-10-06T09:19:40;63.95;;;25.97;;
30104;SDS011;16920;57.07200000;-2.79700000;2019-10-06T09:22:08;38.25;;;16.15;;
30104;SDS011;16920;57.07200000;-2.79700000;2019-10-06T09:24:37;17.57;;;7.58;;
30104;SDS011;16920;57.07200000;-2.79700000;2019-10-06T09:27:05;31.87;;;14.38;;
30104;SDS011;16920;57.07200000;-2.79700000;2019-10-06T09:29:34;174.93;;;80.60;;
30104;SDS011;16920;57.07200000;-2.79700000;2019-10-06T09:32:02;87.80;;;40.45;;
30104;SDS011;16920;57.07200000;-2.79700000;2019-10-06T09:34:31;48.87;;;22.37;;
30104;SDS011;16920;57.07200000;-2.79700000;2019-10-06T09:36:59;45.43;;;21.80;;
30104;SDS011;16920;57.07200000;-2.79700000;2019-10-06T09:39:28;39.83;;;21.62;;
30104;SDS011;16920;57.07200000;-2.79700000;2019-10-06T09:41:57;22.62;;;12.75;;
30104;SDS011;16920;57.07200000;-2.79700000;2019-10-06T09:44:25;13.10;;;6.58;;
30104;SDS011;16920;57.07200000;-2.79700000;2019-10-06T09:46:54;6.83;;;4.35;;
30104;SDS011;16920;57.07200000;-2.79700000;2019-10-06T09:49:22;6.78;;;4.53;;
30104;SDS011;16920;57.07200000;-2.79700000;2019-10-06T09:51:51;4.10;;;3.35;;
30104;SDS011;16920;57.07200000;-2.79700000;2019-10-06T09:54:19;4.17;;;3.17;;
30104;SDS011;16920;57.07200000;-2.79700000;2019-10-06T09:56:48;9.85;;;4.78;;
30104;SDS011;16920;57.07200000;-2.79700000;2019-10-06T09:59:16;4.42;;;3.35;;
30104;SDS011;16920;57.07200000;-2.79700000;2019-10-06T10:01:45;6.12;;;3.40;;
30104;SDS011;16920;57.07200000;-2.79700000;2019-10-06T10:04:13;5.22;;;3.77;;
30104;SDS011;16920;57.07200000;-2.79700000;2019-10-06T10:06:42;7.70;;;5.72;;
30104;SDS011;16920;57.07200000;-2.79700000;2019-10-06T10:09:10;4.97;;;3.30;;
30104;SDS011;16920;57.07200000;-2.79700000;2019-10-06T10:11:40;7.58;;;4.78;;
30104;SDS011;16920;57.07200000;-2.79700000;2019-10-06T10:14:08;8.55;;;6.80;;
30104;SDS011;16920;57.07200000;-2.79700000;2019-10-06T10:16:36;10.80;;;6.08;;
30104;SDS011;16920;57.07200000;-2.79700000;2019-10-06T10:19:05;7.58;;;4.33;;
30104;SDS011;16920;57.07200000;-2.79700000;2019-10-06T10:21:34;9.08;;;4.92;;
30104;SDS011;16920;57.07200000;-2.79700000;2019-10-06T10:24:02;4.55;;;3.12;;
30104;SDS011;16920;57.07200000;-2.79700000;2019-10-06T10:26:31;4.55;;;3.58;;
30104;SDS011;16920;57.07200000;-2.79700000;2019-10-06T10:28:59;5.10;;;3.40;;
30104;SDS011;16920;57.07200000;-2.79700000;2019-10-06T10:31:28;8.95;;;3.58;;
30104;SDS011;16920;57.07200000;-2.79700000;2019-10-06T10:33:57;4.70;;;3.50;;
30104;SDS011;16920;57.07200000;-2.79700000;2019-10-06T10:36:25;5.30;;;2.77;;
30104;SDS011;16920;57.07200000;-2.79700000;2019-10-06T10:38:54;5.83;;;3.25;;
30104;SDS011;16920;57.07200000;-2.79700000;2019-10-06T10:41:22;5.17;;;3.20;;
30104;SDS011;16920;57.07200000;-2.79700000;2019-10-06T10:43:51;4.65;;;3.45;;
30104;SDS011;16920;57.07200000;-2.79700000;2019-10-06T10:46:19;4.55;;;3.50;;
30104;SDS011;16920;57.07200000;-2.79700000;2019-10-06T10:48:48;3.90;;;2.87;;
30104;SDS011;16920;57.07200000;-2.79700000;2019-10-06T10:51:16;5.62;;;2.72;;
30104;SDS011;16920;57.07200000;-2.79700000;2019-10-06T10:53:45;6.33;;;4.33;;
30104;SDS011;16920;57.07200000;-2.79700000;2019-10-06T10:56:13;5.15;;;3.10;;
30104;SDS011;16920;57.07200000;-2.79700000;2019-10-06T10:58:42;5.10;;;3.00;;
30104;SDS011;16920;57.07200000;-2.79700000;2019-10-06T11:01:10;4.65;;;3.10;;
30104;SDS011;16920;57.07200000;-2.79700000;2019-10-06T11:03:39;2.45;;;2.25;;
30104;SDS011;16920;57.07200000;-2.79700000;2019-10-06T11:06:07;47.83;;;26.12;;
30104;SDS011;16920;57.07200000;-2.79700000;2019-10-06T11:08:36;26.40;;;14.20;;
30104;SDS011;16920;57.07200000;-2.79700000;2019-10-06T11:11:32;21.15;;;12.60;;
30104;SDS011;16920;57.07200000;-2.79700000;2019-10-06T11:13:57;10.80;;;6.10;;
30104;SDS011;16920;57.07200000;-2.79700000;2019-10-06T11:16:26;15.15;;;9.48;;
30104;SDS011;16920;57.07200000;-2.79700000;2019-10-06T11:18:55;11.55;;;7.08;;
30104;SDS011;16920;57.07200000;-2.79700000;2019-10-06T11:21:23;9.05;;;4.92;;
30104;SDS011;16920;57.07200000;-2.79700000;2019-10-06T11:23:52;6.95;;;4.53;;
30104;SDS011;16920;57.07200000;-2.79700000;2019-10-06T11:26:20;13.18;;;7.37;;
30104;SDS011;16920;57.07200000;-2.79700000;2019-10-06T11:29:07;12.03;;;7.80;;
30104;SDS011;16920;57.07200000;-2.79700000;2019-10-06T11:31:36;10.70;;;6.03;;
30104;SDS011;16920;57.07200000;-2.79700000;2019-10-06T11:34:04;21.10;;;10.60;;
30104;SDS011;16920;57.07200000;-2.79700000;2019-10-06T11:36:33;12.40;;;7.53;;
30104;SDS011;16920;57.07200000;-2.79700000;2019-10-06T11:39:03;7.03;;;4.50;;
30104;SDS011;16920;57.07200000;-2.79700000;2019-10-06T11:41:34;45.65;;;25.77;;
30104;SDS011;16920;57.07200000;-2.79700000;2019-10-06T11:44:02;16.20;;;8.80;;
30104;SDS011;16920;57.07200000;-2.79700000;2019-10-06T11:46:31;28.05;;;14.78;;
30104;SDS011;16920;57.07200000;-2.79700000;2019-10-06T11:48:59;55.92;;;32.85;;
30104;SDS011;16920;57.07200000;-2.79700000;2019-10-06T11:51:28;23.45;;;13.40;;
30104;SDS011;16920;57.07200000;-2.79700000;2019-10-06T11:53:56;21.82;;;13.35;;
30104;SDS011;16920;57.07200000;-2.79700000;2019-10-06T11:56:25;29.25;;;17.87;;
30104;SDS011;16920;57.07200000;-2.79700000;2019-10-06T11:58:53;23.42;;;13.38;;
30104;SDS011;16920;57.07200000;-2.79700000;2019-10-06T12:01:22;34.88;;;18.30;;
30104;SDS011;16920;57.07200000;-2.79700000;2019-10-06T12:03:51;70.90;;;37.28;;
30104;SDS011;16920;57.07200000;-2.79700000;2019-10-06T12:06:19;27.93;;;15.78;;
30104;SDS011;16920;57.07200000;-2.79700000;2019-10-06T12:08:48;29.02;;;17.17;;
30104;SDS011;16920;57.07200000;-2.79700000;2019-10-06T12:11:16;36.73;;;20.05;;
30104;SDS011;16920;57.07200000;-2.79700000;2019-10-06T12:13:45;14.03;;;8.40;;
30104;SDS011;16920;57.07200000;-2.79700000;2019-10-06T12:16:13;11.97;;;6.65;;
30104;SDS011;16920;57.07200000;-2.79700000;2019-10-06T12:18:42;16.20;;;10.68;;
30104;SDS011;16920;57.07200000;-2.79700000;2019-10-06T12:21:10;10.88;;;5.20;;
30104;SDS011;16920;57.07200000;-2.79700000;2019-10-06T12:23:39;6.10;;;4.00;;
30104;SDS011;16920;57.07200000;-2.79700000;2019-10-06T12:26:07;14.38;;;8.53;;
30104;SDS011;16920;57.07200000;-2.79700000;2019-10-06T12:28:36;14.45;;;8.35;;
30104;SDS011;16920;57.07200000;-2.79700000;2019-10-06T12:31:04;21.50;;;11.93;;
30104;SDS011;16920;57.07200000;-2.79700000;2019-10-06T12:33:33;23.75;;;13.13;;
30104;SDS011;16920;57.07200000;-2.79700000;2019-10-06T12:36:01;19.00;;;10.85;;
30104;SDS011;16920;57.07200000;-2.79700000;2019-10-06T12:38:30;27.62;;;14.73;;
30104;SDS011;16920;57.07200000;-2.79700000;2019-10-06T12:40:59;12.53;;;6.53;;
30104;SDS011;16920;57.07200000;-2.79700000;2019-10-06T12:43:27;28.42;;;14.83;;
30104;SDS011;16920;57.07200000;-2.79700000;2019-10-06T12:45:56;14.00;;;8.18;;
30104;SDS011;16920;57.07200000;-2.79700000;2019-10-06T12:48:24;13.70;;;7.97;;
30104;SDS011;16920;57.07200000;-2.79700000;2019-10-06T12:50:53;15.08;;;7.05;;
30104;SDS011;16920;57.07200000;-2.79700000;2019-10-06T12:53:21;9.28;;;6.08;;
30104;SDS011;16920;57.07200000;-2.79700000;2019-10-06T12:55:50;11.00;;;6.87;;
30104;SDS011;16920;57.07200000;-2.79700000;2019-10-06T12:58:18;7.60;;;4.58;;
30104;SDS011;16920;57.07200000;-2.79700000;2019-10-06T13:00:47;11.60;;;5.17;;
30104;SDS011;16920;57.07200000;-2.79700000;2019-10-06T13:03:15;6.45;;;4.37;;
30104;SDS011;16920;57.07200000;-2.79700000;2019-10-06T13:05:44;10.28;;;5.90;;
30104;SDS011;16920;57.07200000;-2.79700000;2019-10-06T13:08:14;8.40;;;4.42;;
30104;SDS011;16920;57.07200000;-2.79700000;2019-10-06T13:10:43;10.95;;;5.55;;
30104;SDS011;16920;57.07200000;-2.79700000;2019-10-06T13:13:11;6.45;;;4.42;;
30104;SDS011;16920;57.07200000;-2.79700000;2019-10-06T13:15:40;11.05;;;5.78;;
30104;SDS011;16920;57.07200000;-2.79700000;2019-10-06T13:18:09;15.08;;;7.45;;
30104;SDS011;16920;57.07200000;-2.79700000;2019-10-06T13:20:37;12.82;;;6.12;;
30104;SDS011;16920;57.07200000;-2.79700000;2019-10-06T13:23:06;9.58;;;5.47;;
30104;SDS011;16920;57.07200000;-2.79700000;2019-10-06T13:25:35;7.05;;;3.92;;
30104;SDS011;16920;57.07200000;-2.79700000;2019-10-06T13:28:03;9.98;;;5.03;;
30104;SDS011;16920;57.07200000;-2.79700000;2019-10-06T13:30:32;9.85;;;5.17;;
30104;SDS011;16920;57.07200000;-2.79700000;2019-10-06T13:33:00;19.15;;;8.00;;
30104;SDS011;16920;57.07200000;-2.79700000;2019-10-06T13:35:29;11.05;;;4.92;;
30104;SDS011;16920;57.07200000;-2.79700000;2019-10-06T13:37:57;16.37;;;4.60;;
30104;SDS011;16920;57.07200000;-2.79700000;2019-10-06T13:43:27;13.90;;;6.53;;
30104;SDS011;16920;57.07200000;-2.79700000;2019-10-06T13:45:53;4.97;;;3.13;;
30104;SDS011;16920;57.07200000;-2.79700000;2019-10-06T13:48:22;14.73;;;5.58;;
30104;SDS011;16920;57.07200000;-2.79700000;2019-10-06T13:50:51;7.50;;;2.67;;
30104;SDS011;16920;57.07200000;-2.79700000;2019-10-06T13:53:20;8.50;;;3.75;;
30104;SDS011;16920;57.07200000;-2.79700000;2019-10-06T13:55:48;7.95;;;3.45;;
30104;SDS011;16920;57.07200000;-2.79700000;2019-10-06T13:58:17;8.20;;;2.58;;
30104;SDS011;16920;57.07200000;-2.79700000;2019-10-06T14:00:45;7.15;;;2.90;;
30104;SDS011;16920;57.07200000;-2.79700000;2019-10-06T14:03:14;8.73;;;2.33;;
30104;SDS011;16920;57.07200000;-2.79700000;2019-10-06T14:05:42;4.95;;;2.27;;
30104;SDS011;16920;57.07200000;-2.79700000;2019-10-06T14:08:11;6.83;;;2.85;;
30104;SDS011;16920;57.07200000;-2.79700000;2019-10-06T14:10:39;8.13;;;2.77;;
30104;SDS011;16920;57.07200000;-2.79700000;2019-10-06T14:13:08;4.53;;;2.45;;
30104;SDS011;16920;57.07200000;-2.79700000;2019-10-06T14:15:36;7.47;;;2.27;;
30104;SDS011;16920;57.07200000;-2.79700000;2019-10-06T14:18:05;8.88;;;2.15;;
30104;SDS011;16920;57.07200000;-2.79700000;2019-10-06T14:20:34;4.28;;;1.98;;
30104;SDS011;16920;57.07200000;-2.79700000;2019-10-06T14:23:02;7.15;;;2.27;;
30104;SDS011;16920;57.07200000;-2.79700000;2019-10-06T14:25:32;5.97;;;2.55;;
30104;SDS011;16920;57.07200000;-2.79700000;2019-10-06T14:28:00;5.55;;;2.33;;
30104;SDS011;16920;57.07200000;-2.79700000;2019-10-06T14:30:29;5.78;;;2.70;;
30104;SDS011;16920;57.07200000;-2.79700000;2019-10-06T14:32:58;8.18;;;4.12;;
30104;SDS011;16920;57.07200000;-2.79700000;2019-10-06T14:35:26;11.50;;;5.45;;
30104;SDS011;16920;57.07200000;-2.79700000;2019-10-06T14:37:55;8.65;;;4.10;;
30104;SDS011;16920;57.07200000;-2.79700000;2019-10-06T14:40:23;30.35;;;11.22;;
30104;SDS011;16920;57.07200000;-2.79700000;2019-10-06T14:42:51;24.25;;;8.48;;
30104;SDS011;16920;57.07200000;-2.79700000;2019-10-06T14:45:20;43.25;;;14.55;;
30104;SDS011;16920;57.07200000;-2.79700000;2019-10-06T14:47:48;20.32;;;7.72;;
30104;SDS011;16920;57.07200000;-2.79700000;2019-10-06T14:50:17;40.95;;;17.50;;
30104;SDS011;16920;57.07200000;-2.79700000;2019-10-06T14:52:45;20.62;;;8.43;;
30104;SDS011;16920;57.07200000;-2.79700000;2019-10-06T14:55:14;7.97;;;4.40;;
30104;SDS011;16920;57.07200000;-2.79700000;2019-10-06T14:57:43;9.33;;;3.62;;
30104;SDS011;16920;57.07200000;-2.79700000;2019-10-06T15:00:12;7.62;;;3.65;;
30104;SDS011;16920;57.07200000;-2.79700000;2019-10-06T15:02:42;4.83;;;2.80;;
30104;SDS011;16920;57.07200000;-2.79700000;2019-10-06T15:05:11;6.67;;;3.27;;
30104;SDS011;16920;57.07200000;-2.79700000;2019-10-06T15:07:41;7.58;;;2.85;;
30104;SDS011;16920;57.07200000;-2.79700000;2019-10-06T15:10:12;10.85;;;3.83;;
30104;SDS011;16920;57.07200000;-2.79700000;2019-10-06T15:12:40;8.63;;;4.33;;
30104;SDS011;16920;57.07200000;-2.79700000;2019-10-06T15:15:12;14.10;;;8.35;;
30104;SDS011;16920;57.07200000;-2.79700000;2019-10-06T15:17:42;11.35;;;5.40;;
30104;SDS011;16920;57.07200000;-2.79700000;2019-10-06T15:20:11;6.28;;;2.85;;
30104;SDS011;16920;57.07200000;-2.79700000;2019-10-06T15:22:40;11.95;;;3.60;;
30104;SDS011;16920;57.07200000;-2.79700000;2019-10-06T15:25:09;4.78;;;2.40;;
30104;SDS011;16920;57.07200000;-2.79700000;2019-10-06T15:27:38;6.25;;;2.45;;
30104;SDS011;16920;57.07200000;-2.79700000;2019-10-06T15:30:07;6.78;;;2.67;;
30104;SDS011;16920;57.07200000;-2.79700000;2019-10-06T15:32:36;6.80;;;2.83;;
30104;SDS011;16920;57.07200000;-2.79700000;2019-10-06T15:35:04;7.30;;;2.92;;
30104;SDS011;16920;57.07200000;-2.79700000;2019-10-06T15:37:33;13.83;;;5.00;;
30104;SDS011;16920;57.07200000;-2.79700000;2019-10-06T15:40:02;8.90;;;4.33;;
30104;SDS011;16920;57.07200000;-2.79700000;2019-10-06T15:42:31;10.90;;;4.83;;
30104;SDS011;16920;57.07200000;-2.79700000;2019-10-06T15:45:00;11.10;;;4.17;;
30104;SDS011;16920;57.07200000;-2.79700000;2019-10-06T15:47:29;14.40;;;4.28;;
30104;SDS011;16920;57.07200000;-2.79700000;2019-10-06T15:49:57;12.43;;;3.35;;
30104;SDS011;16920;57.07200000;-2.79700000;2019-10-06T15:52:26;7.97;;;3.52;;
30104;SDS011;16920;57.07200000;-2.79700000;2019-10-06T15:54:54;5.40;;;2.55;;
30104;SDS011;16920;57.07200000;-2.79700000;2019-10-06T15:57:23;9.78;;;3.02;;
30104;SDS011;16920;57.07200000;-2.79700000;2019-10-06T15:59:51;6.78;;;3.25;;
30104;SDS011;16920;57.07200000;-2.79700000;2019-10-06T16:02:20;10.40;;;3.45;;
30104;SDS011;16920;57.07200000;-2.79700000;2019-10-06T16:04:49;8.48;;;3.22;;
30104;SDS011;16920;57.07200000;-2.79700000;2019-10-06T16:07:17;7.30;;;3.90;;
30104;SDS011;16920;57.07200000;-2.79700000;2019-10-06T16:09:46;8.28;;;2.90;;
30104;SDS011;16920;57.07200000;-2.79700000;2019-10-06T16:12:15;6.35;;;3.08;;
30104;SDS011;16920;57.07200000;-2.79700000;2019-10-06T16:14:43;11.05;;;3.90;;
30104;SDS011;16920;57.07200000;-2.79700000;2019-10-06T16:17:12;8.25;;;2.98;;
30104;SDS011;16920;57.07200000;-2.79700000;2019-10-06T16:19:40;7.95;;;3.85;;
30104;SDS011;16920;57.07200000;-2.79700000;2019-10-06T16:22:09;5.47;;;3.62;;
30104;SDS011;16920;57.07200000;-2.79700000;2019-10-06T16:24:37;9.35;;;3.42;;
30104;SDS011;16920;57.07200000;-2.79700000;2019-10-06T16:27:06;12.40;;;3.10;;
30104;SDS011;16920;57.07200000;-2.79700000;2019-10-06T16:29:34;8.80;;;3.60;;
30104;SDS011;16920;57.07200000;-2.79700000;2019-10-06T16:32:03;8.80;;;3.42;;
30104;SDS011;16920;57.07200000;-2.79700000;2019-10-06T16:34:31;8.13;;;3.27;;
30104;SDS011;16920;57.07200000;-2.79700000;2019-10-06T16:37:00;10.58;;;3.45;;
30104;SDS011;16920;57.07200000;-2.79700000;2019-10-06T16:39:28;12.23;;;4.28;;
30104;SDS011;16920;57.07200000;-2.79700000;2019-10-06T16:41:57;9.78;;;5.05;;
30104;SDS011;16920;57.07200000;-2.79700000;2019-10-06T16:44:25;15.88;;;5.50;;
30104;SDS011;16920;57.07200000;-2.79700000;2019-10-06T16:46:54;17.90;;;8.30;;
30104;SDS011;16920;57.07200000;-2.79700000;2019-10-06T16:49:22;17.95;;;7.47;;
30104;SDS011;16920;57.07200000;-2.79700000;2019-10-06T16:51:51;23.50;;;11.38;;
30104;SDS011;16920;57.07200000;-2.79700000;2019-10-06T16:54:19;18.80;;;6.75;;
30104;SDS011;16920;57.07200000;-2.79700000;2019-10-06T16:56:48;20.40;;;7.45;;
30104;SDS011;16920;57.07200000;-2.79700000;2019-10-06T16:59:17;16.00;;;6.22;;
30104;SDS011;16920;57.07200000;-2.79700000;2019-10-06T17:01:45;21.50;;;7.87;;
30104;SDS011;16920;57.07200000;-2.79700000;2019-10-06T17:04:14;18.17;;;8.40;;
30104;SDS011;16920;57.07200000;-2.79700000;2019-10-06T17:06:42;31.00;;;12.33;;
30104;SDS011;16920;57.07200000;-2.79700000;2019-10-06T17:09:11;15.43;;;6.80;;
30104;SDS011;16920;57.07200000;-2.79700000;2019-10-06T17:11:41;14.03;;;6.60;;
30104;SDS011;16920;57.07200000;-2.79700000;2019-10-06T17:14:22;20.02;;;6.62;;
30104;SDS011;16920;57.07200000;-2.79700000;2019-10-06T17:17:08;10.72;;;5.90;;
30104;SDS011;16920;57.07200000;-2.79700000;2019-10-06T17:19:37;15.68;;;6.62;;
30104;SDS011;16920;57.07200000;-2.79700000;2019-10-06T17:22:09;11.63;;;7.87;;
30104;SDS011;16920;57.07200000;-2.79700000;2019-10-06T17:24:41;15.45;;;8.93;;
30104;SDS011;16920;57.07200000;-2.79700000;2019-10-06T17:27:17;30.17;;;13.62;;
30104;SDS011;16920;57.07200000;-2.79700000;2019-10-06T17:29:49;27.22;;;12.58;;
30104;SDS011;16920;57.07200000;-2.79700000;2019-10-06T17:32:20;24.07;;;11.80;;
30104;SDS011;16920;57.07200000;-2.79700000;2019-10-06T17:34:52;20.95;;;10.68;;
30104;SDS011;16920;57.07200000;-2.79700000;2019-10-06T17:37:24;20.43;;;9.70;;
30104;SDS011;16920;57.07200000;-2.79700000;2019-10-06T17:39:54;19.35;;;7.42;;
30104;SDS011;16920;57.07200000;-2.79700000;2019-10-06T17:42:25;20.12;;;8.93;;
30104;SDS011;16920;57.07200000;-2.79700000;2019-10-06T17:44:55;14.73;;;8.23;;
30104;SDS011;16920;57.07200000;-2.79700000;2019-10-06T17:47:23;18.55;;;8.98;;
30104;SDS011;16920;57.07200000;-2.79700000;2019-10-06T17:49:52;15.95;;;8.28;;
30104;SDS011;16920;57.07200000;-2.79700000;2019-10-06T17:52:23;17.75;;;8.35;;
30104;SDS011;16920;57.07200000;-2.79700000;2019-10-06T17:54:53;16.75;;;9.45;;
30104;SDS011;16920;57.07200000;-2.79700000;2019-10-06T17:57:25;22.05;;;11.38;;
30104;SDS011;16920;57.07200000;-2.79700000;2019-10-06T17:59:57;18.45;;;8.95;;
30104;SDS011;16920;57.07200000;-2.79700000;2019-10-06T18:02:27;17.82;;;9.50;;
30104;SDS011;16920;57.07200000;-2.79700000;2019-10-06T18:04:55;18.90;;;9.95;;
30104;SDS011;16920;57.07200000;-2.79700000;2019-10-06T18:07:24;16.10;;;8.48;;
30104;SDS011;16920;57.07200000;-2.79700000;2019-10-06T18:09:52;16.82;;;9.60;;
30104;SDS011;16920;57.07200000;-2.79700000;2019-10-06T18:12:22;15.25;;;6.03;;
30104;SDS011;16920;57.07200000;-2.79700000;2019-10-06T18:14:52;14.07;;;7.72;;
30104;SDS011;16920;57.07200000;-2.79700000;2019-10-06T18:17:24;12.60;;;6.45;;
30104;SDS011;16920;57.07200000;-2.79700000;2019-10-06T18:19:53;12.75;;;6.78;;
30104;SDS011;16920;57.07200000;-2.79700000;2019-10-06T18:22:23;13.35;;;6.40;;
30104;SDS011;16920;57.07200000;-2.79700000;2019-10-06T18:24:52;11.48;;;6.10;;
30104;SDS011;16920;57.07200000;-2.79700000;2019-10-06T18:27:24;11.60;;;5.53;;
30104;SDS011;16920;57.07200000;-2.79700000;2019-10-06T18:29:56;18.75;;;6.92;;
30104;SDS011;16920;57.07200000;-2.79700000;2019-10-06T18:32:27;11.73;;;8.40;;
30104;SDS011;16920;57.07200000;-2.79700000;2019-10-06T18:34:57;11.50;;;6.83;;
30104;SDS011;16920;57.07200000;-2.79700000;2019-10-06T18:37:27;10.32;;;7.15;;
30104;SDS011;16920;57.07200000;-2.79700000;2019-10-06T18:39:56;13.83;;;7.67;;
30104;SDS011;16920;57.07200000;-2.79700000;2019-10-06T18:42:25;13.45;;;7.10;;
30104;SDS011;16920;57.07200000;-2.79700000;2019-10-06T18:44:54;15.23;;;6.97;;
30104;SDS011;16920;57.07200000;-2.79700000;2019-10-06T18:47:22;14.53;;;6.67;;
30104;SDS011;16920;57.07200000;-2.79700000;2019-10-06T18:49:54;12.13;;;6.12;;
30104;SDS011;16920;57.07200000;-2.79700000;2019-10-06T18:52:24;11.65;;;6.08;;
30104;SDS011;16920;57.07200000;-2.79700000;2019-10-06T18:54:52;18.07;;;7.10;;
30104;SDS011;16920;57.07200000;-2.79700000;2019-10-06T18:57:23;12.60;;;5.08;;
30104;SDS011;16920;57.07200000;-2.79700000;2019-10-06T18:59:51;11.90;;;5.70;;
30104;SDS011;16920;57.07200000;-2.79700000;2019-10-06T19:02:20;9.83;;;5.90;;
30104;SDS011;16920;57.07200000;-2.79700000;2019-10-06T19:04:49;10.88;;;4.58;;
30104;SDS011;16920;57.07200000;-2.79700000;2019-10-06T19:07:17;9.83;;;5.10;;
30104;SDS011;16920;57.07200000;-2.79700000;2019-10-06T19:09:46;20.05;;;9.68;;
30104;SDS011;16920;57.07200000;-2.79700000;2019-10-06T19:12:14;14.38;;;7.92;;
30104;SDS011;16920;57.07200000;-2.79700000;2019-10-06T19:14:43;18.42;;;9.60;;
30104;SDS011;16920;57.07200000;-2.79700000;2019-10-06T19:17:11;15.68;;;8.10;;
30104;SDS011;16920;57.07200000;-2.79700000;2019-10-06T19:19:40;18.55;;;8.00;;
30104;SDS011;16920;57.07200000;-2.79700000;2019-10-06T19:22:08;15.05;;;7.83;;
30104;SDS011;16920;57.07200000;-2.79700000;2019-10-06T19:24:37;20.45;;;8.50;;
30104;SDS011;16920;57.07200000;-2.79700000;2019-10-06T19:27:06;20.40;;;8.70;;
30104;SDS011;16920;57.07200000;-2.79700000;2019-10-06T19:29:34;21.45;;;8.95;;
30104;SDS011;16920;57.07200000;-2.79700000;2019-10-06T19:32:03;11.53;;;8.48;;
30104;SDS011;16920;57.07200000;-2.79700000;2019-10-06T19:34:31;15.95;;;9.63;;
30104;SDS011;16920;57.07200000;-2.79700000;2019-10-06T19:36:59;13.62;;;6.97;;
30104;SDS011;16920;57.07200000;-2.79700000;2019-10-06T19:39:28;18.45;;;7.87;;
30104;SDS011;16920;57.07200000;-2.79700000;2019-10-06T19:41:57;10.70;;;6.20;;
30104;SDS011;16920;57.07200000;-2.79700000;2019-10-06T19:44:25;13.08;;;7.08;;
30104;SDS011;16920;57.07200000;-2.79700000;2019-10-06T19:46:54;17.10;;;5.28;;
30104;SDS011;16920;57.07200000;-2.79700000;2019-10-06T19:49:22;13.20;;;4.62;;
30104;SDS011;16920;57.07200000;-2.79700000;2019-10-06T19:51:51;10.30;;;4.42;;
30104;SDS011;16920;57.07200000;-2.79700000;2019-10-06T19:54:19;13.75;;;4.12;;
30104;SDS011;16920;57.07200000;-2.79700000;2019-10-06T19:56:48;13.40;;;5.50;;
30104;SDS011;16920;57.07200000;-2.79700000;2019-10-06T19:59:16;11.00;;;6.05;;
30104;SDS011;16920;57.07200000;-2.79700000;2019-10-06T20:01:45;23.25;;;6.87;;
30104;SDS011;16920;57.07200000;-2.79700000;2019-10-06T20:04:13;13.93;;;5.50;;
30104;SDS011;16920;57.07200000;-2.79700000;2019-10-06T20:06:42;12.00;;;6.45;;
30104;SDS011;16920;57.07200000;-2.79700000;2019-10-06T20:09:10;10.63;;;5.00;;
30104;SDS011;16920;57.07200000;-2.79700000;2019-10-06T20:11:39;12.50;;;4.85;;
30104;SDS011;16920;57.07200000;-2.79700000;2019-10-06T20:14:07;12.18;;;5.05;;
30104;SDS011;16920;57.07200000;-2.79700000;2019-10-06T20:16:36;15.32;;;6.15;;
30104;SDS011;16920;57.07200000;-2.79700000;2019-10-06T20:19:04;22.22;;;7.92;;
30104;SDS011;16920;57.07200000;-2.79700000;2019-10-06T20:21:33;23.25;;;7.70;;
30104;SDS011;16920;57.07200000;-2.79700000;2019-10-06T20:24:01;17.57;;;6.05;;
30104;SDS011;16920;57.07200000;-2.79700000;2019-10-06T20:26:30;16.90;;;7.03;;
30104;SDS011;16920;57.07200000;-2.79700000;2019-10-06T20:28:59;14.47;;;5.58;;
30104;SDS011;16920;57.07200000;-2.79700000;2019-10-06T20:31:27;16.20;;;6.87;;
30104;SDS011;16920;57.07200000;-2.79700000;2019-10-06T20:33:56;10.10;;;5.55;;
30104;SDS011;16920;57.07200000;-2.79700000;2019-10-06T20:36:25;10.25;;;5.85;;
30104;SDS011;16920;57.07200000;-2.79700000;2019-10-06T20:38:53;12.70;;;4.65;;
30104;SDS011;16920;57.07200000;-2.79700000;2019-10-06T20:41:22;8.63;;;5.20;;
30104;SDS011;16920;57.07200000;-2.79700000;2019-10-06T20:43:50;12.15;;;5.45;;
30104;SDS011;16920;57.07200000;-2.79700000;2019-10-06T20:46:19;13.62;;;5.15;;
30104;SDS011;16920;57.07200000;-2.79700000;2019-10-06T20:48:47;18.73;;;6.22;;
30104;SDS011;16920;57.07200000;-2.79700000;2019-10-06T20:51:16;14.15;;;5.60;;
30104;SDS011;16920;57.07200000;-2.79700000;2019-10-06T20:53:44;12.25;;;5.28;;
30104;SDS011;16920;57.07200000;-2.79700000;2019-10-06T20:56:13;13.90;;;4.45;;
30104;SDS011;16920;57.07200000;-2.79700000;2019-10-06T20:58:41;11.33;;;5.17;;
30104;SDS011;16920;57.07200000;-2.79700000;2019-10-06T21:01:10;13.08;;;4.47;;
30104;SDS011;16920;57.07200000;-2.79700000;2019-10-06T21:03:38;18.92;;;5.08;;
30104;SDS011;16920;57.07200000;-2.79700000;2019-10-06T21:06:07;9.18;;;4.12;;
30104;SDS011;16920;57.07200000;-2.79700000;2019-10-06T21:08:35;9.90;;;3.70;;
30104;SDS011;16920;57.07200000;-2.79700000;2019-10-06T21:11:04;7.22;;;3.50;;
30104;SDS011;16920;57.07200000;-2.79700000;2019-10-06T21:13:32;9.25;;;3.92;;
30104;SDS011;16920;57.07200000;-2.79700000;2019-10-06T21:16:01;6.40;;;3.58;;
30104;SDS011;16920;57.07200000;-2.79700000;2019-10-06T21:18:30;19.67;;;5.37;;
30104;SDS011;16920;57.07200000;-2.79700000;2019-10-06T21:20:58;8.63;;;3.87;;
30104;SDS011;16920;57.07200000;-2.79700000;2019-10-06T21:23:27;10.48;;;3.47;;
30104;SDS011;16920;57.07200000;-2.79700000;2019-10-06T21:25:55;11.50;;;4.35;;
30104;SDS011;16920;57.07200000;-2.79700000;2019-10-06T21:28:24;8.93;;;4.75;;
30104;SDS011;16920;57.07200000;-2.79700000;2019-10-06T21:30:52;14.85;;;4.22;;
30104;SDS011;16920;57.07200000;-2.79700000;2019-10-06T21:33:22;20.57;;;4.67;;
30104;SDS011;16920;57.07200000;-2.79700000;2019-10-06T21:35:52;14.60;;;4.47;;
30104;SDS011;16920;57.07200000;-2.79700000;2019-10-06T21:38:21;10.60;;;4.05;;
30104;SDS011;16920;57.07200000;-2.79700000;2019-10-06T21:40:49;9.25;;;3.62;;
30104;SDS011;16920;57.07200000;-2.79700000;2019-10-06T21:43:18;10.88;;;3.77;;
30104;SDS011;16920;57.07200000;-2.79700000;2019-10-06T21:45:47;15.13;;;4.65;;
30104;SDS011;16920;57.07200000;-2.79700000;2019-10-06T21:48:17;16.15;;;5.05;;
30104;SDS011;16920;57.07200000;-2.79700000;2019-10-06T21:50:45;9.45;;;3.30;;
30104;SDS011;16920;57.07200000;-2.79700000;2019-10-06T21:53:14;22.27;;;7.33;;
30104;SDS011;16920;57.07200000;-2.79700000;2019-10-06T21:55:43;16.52;;;5.20;;
30104;SDS011;16920;57.07200000;-2.79700000;2019-10-06T21:58:12;15.58;;;5.10;;
30104;SDS011;16920;57.07200000;-2.79700000;2019-10-06T22:00:48;18.17;;;5.47;;
30104;SDS011;16920;57.07200000;-2.79700000;2019-10-06T22:03:29;11.12;;;4.20;;
30104;SDS011;16920;57.07200000;-2.79700000;2019-10-06T22:05:59;26.60;;;7.75;;
30104;SDS011;16920;57.07200000;-2.79700000;2019-10-06T22:08:28;21.55;;;7.30;;
30104;SDS011;16920;57.07200000;-2.79700000;2019-10-06T22:10:57;24.07;;;6.25;;
30104;SDS011;16920;57.07200000;-2.79700000;2019-10-06T22:13:26;22.80;;;7.92;;
30104;SDS011;16920;57.07200000;-2.79700000;2019-10-06T22:15:54;19.92;;;7.67;;
30104;SDS011;16920;57.07200000;-2.79700000;2019-10-06T22:18:23;16.10;;;4.78;;
30104;SDS011;16920;57.07200000;-2.79700000;2019-10-06T22:20:51;28.77;;;8.90;;
30104;SDS011;16920;57.07200000;-2.79700000;2019-10-06T22:23:20;21.90;;;6.62;;
30104;SDS011;16920;57.07200000;-2.79700000;2019-10-06T22:25:49;13.30;;;4.90;;
30104;SDS011;16920;57.07200000;-2.79700000;2019-10-06T22:28:17;17.73;;;5.92;;
30104;SDS011;16920;57.07200000;-2.79700000;2019-10-06T22:30:46;24.45;;;10.15;;
30104;SDS011;16920;57.07200000;-2.79700000;2019-10-06T22:33:14;16.95;;;6.30;;
30104;SDS011;16920;57.07200000;-2.79700000;2019-10-06T22:35:43;13.68;;;4.97;;
30104;SDS011;16920;57.07200000;-2.79700000;2019-10-06T22:38:11;16.77;;;4.30;;
30104;SDS011;16920;57.07200000;-2.79700000;2019-10-06T22:40:40;16.55;;;4.80;;
30104;SDS011;16920;57.07200000;-2.79700000;2019-10-06T22:43:09;16.02;;;4.12;;
30104;SDS011;16920;57.07200000;-2.79700000;2019-10-06T22:45:37;13.32;;;3.92;;
30104;SDS011;16920;57.07200000;-2.79700000;2019-10-06T22:48:06;17.00;;;4.35;;
30104;SDS011;16920;57.07200000;-2.79700000;2019-10-06T22:50:35;14.18;;;3.72;;
30104;SDS011;16920;57.07200000;-2.79700000;2019-10-06T22:53:04;10.90;;;3.77;;
30104;SDS011;16920;57.07200000;-2.79700000;2019-10-06T22:55:32;13.25;;;4.53;;
30104;SDS011;16920;57.07200000;-2.79700000;2019-10-06T22:58:01;10.32;;;3.33;;
30104;SDS011;16920;57.07200000;-2.79700000;2019-10-06T23:00:30;5.17;;;2.52;;
30104;SDS011;16920;57.07200000;-2.79700000;2019-10-06T23:02:58;9.83;;;3.20;;
30104;SDS011;16920;57.07200000;-2.79700000;2019-10-06T23:05:27;24.23;;;5.35;;
30104;SDS011;16920;57.07200000;-2.79700000;2019-10-06T23:07:55;8.78;;;2.92;;
30104;SDS011;16920;57.07200000;-2.79700000;2019-10-06T23:10:24;12.80;;;3.85;;
30104;SDS011;16920;57.07200000;-2.79700000;2019-10-06T23:12:52;17.52;;;3.92;;
30104;SDS011;16920;57.07200000;-2.79700000;2019-10-06T23:18:05;11.05;;;3.08;;
30104;SDS011;16920;57.07200000;-2.79700000;2019-10-06T23:20:35;14.87;;;3.72;;
30104;SDS011;16920;57.07200000;-2.79700000;2019-10-06T23:23:04;10.15;;;4.22;;
30104;SDS011;16920;57.07200000;-2.79700000;2019-10-06T23:25:34;14.95;;;3.20;;
30104;SDS011;16920;57.07200000;-2.79700000;2019-10-06T23:28:03;12.13;;;4.03;;
30104;SDS011;16920;57.07200000;-2.79700000;2019-10-06T23:30:33;20.82;;;5.20;;
30104;SDS011;16920;57.07200000;-2.79700000;2019-10-06T23:33:03;11.85;;;3.67;;
30104;SDS011;16920;57.07200000;-2.79700000;2019-10-06T23:35:33;17.57;;;4.50;;
30104;SDS011;16920;57.07200000;-2.79700000;2019-10-06T23:38:02;15.88;;;3.42;;
30104;SDS011;16920;57.07200000;-2.79700000;2019-10-06T23:40:31;11.18;;;3.55;;
30104;SDS011;16920;57.07200000;-2.79700000;2019-10-06T23:43:00;13.48;;;3.60;;
30104;SDS011;16920;57.07200000;-2.79700000;2019-10-06T23:45:29;15.83;;;3.30;;
30104;SDS011;16920;57.07200000;-2.79700000;2019-10-06T23:47:57;17.42;;;3.83;;
30104;SDS011;16920;57.07200000;-2.79700000;2019-10-06T23:50:26;14.58;;;3.47;;
30104;SDS011;16920;57.07200000;-2.79700000;2019-10-06T23:52:54;15.48;;;4.22;;
30104;SDS011;16920;57.07200000;-2.79700000;2019-10-06T23:55:23;9.43;;;3.67;;
30104;SDS011;16920;57.07200000;-2.79700000;2019-10-06T23:57:52;11.60;;;3.60;;
